RA_ITEMID,SEQ_NUMBER,PARCEL,FACEVALUE,PREMIUM
2971172,230001,1971-28-3-00-058,9358.22,
2971173,230003,1971-28-3-02-058,2119.09,
2971174,230004,1971-28-3-02-073,1041.06,
2971175,230006,1971-28-3-04-027,2355.79,
2971176,230007,1971-32-3-01-012,1835.32,
2971177,230008,1971-32-3-02-013,1007.35,
2971178,230011,1971-32-3-06-004,5820.93,
2971179,230012,1971-32-4-01-030,26525.71,
2971180,230014,1971-32-4-01-033,7251.16,
2971181,230015,1971-32-4-03-006,1969.41,
2971182,230016,1971-32-4-03-070,1171.06,
2971183,230017,1971-32-4-04-009,3247.45,
2971184,230018,1971-32-4-04-019,728.25,
2971185,230019,1971-32-4-04-020,1792.08,
2971186,230020,1971-32-4-04-025,728.25,
2971187,230021,1971-32-4-05-018,43764.67,
2971188,230022,1971-32-4-09-002,1277.9,
2971189,230023,1971-32-4-10-001,3880.38,
2971190,230024,1971-32-4-10-017,1809.92,
2971191,230025,1971-32-4-13-012,2087.79,
2971192,230027,1971-33-2-01-002,26376.78,
2971193,230028,1971-33-2-01-003,2283.24,
2971194,230029,1971-33-2-01-016,80822.62,
2971195,230033,1971-33-3-02-005,9925.54,
2971196,230034,1971-33-3-02-006,6628.54,
2971197,230035,1971-33-3-02-010,5534.37,
2971198,230037,1971-34-1-08-018,2042.21,
2971199,230038,1971-34-1-09-013,8951.48,
2971200,230039,1971-34-1-09-015,1854.75,
2971201,230040,1971-34-1-14-013,2341.76,
2971202,230042,1971-34-1-19-004,2079.05,
2971203,230043,1971-34-1-21-009,2521.04,
2971204,230045,1971-34-1-33-013,2053.55,
2971205,230046,1971-34-2-08-008,1540.06,
2971206,230047,1971-34-2-08-009,1805.5,
2971207,230048,1971-34-2-11-011,2066.49,
2971208,230050,1971-34-3-01-009,2021.61,
2971209,230051,1971-34-3-02-022,2326.01,
2971210,230052,1971-34-3-09-002,1973.38,
2971211,230053,1971-34-3-10-012,2036.21,
2971212,230054,1971-34-4-01-013,2502.21,
2971213,230055,1971-34-4-03-021,2045.44,
2971214,230056,1971-34-4-08-013,1922.48,
2971215,230058,1971-34-4-18-018,1848.22,
2971216,230059,1971-34-4-23-003,9019.3,
2971217,230060,1971-34-4-26-009,4632.43,
2971218,230061,1971-34-4-27-007,1665.7,
2971219,230062,1971-34-4-27-025,6009.03,
2971220,230063,1971-35-2-00-005,979.14,
2971221,230064,1971-35-2-02-009,1489.42,
2971222,230066,1971-35-3-06-024,2211.15,
2971223,230067,1971-35-3-14-012,2687.34,
2971224,230070,1971-35-4-13-014,1756.22,
2971225,230071,1971-35-4-17-020,3040.23,
2971226,230072,1971-36-3-02-006,20554.59,
2971227,230074,1973-01-1-14-028,2529.94,
2971228,230075,1973-01-1-16-021,1966.96,
2971229,230076,1973-01-2-05-002,2397.04,
2971230,230078,1973-01-2-07-015,1746.7,
2971231,230080,1973-01-2-15-002,2249.22,
2971232,230081,1973-01-2-17-027,2317.2,
2971233,230082,1973-01-2-19-001,2353,
2971234,230083,1973-01-3-04-016,1060.36,
2971235,230084,1973-01-3-09-009,1253.09,
2971236,230087,1973-01-3-14-030,2101.37,
2971237,230088,1973-01-3-20-018,1052.23,
2971238,230089,1973-01-4-09-011,2270.91,
2971239,230090,1973-01-4-10-017,1159.15,
2971240,230092,1973-01-4-23-008,2131.99,
2971241,230094,1973-01-4-25-002,2335.16,
2971242,230095,1973-02-1-05-024,9496.08,
2971243,230099,1973-02-2-04-017,7329.97,
2971244,230100,1973-02-2-05-006,6224.83,
2971245,230101,1973-02-2-06-001,2654.15,
2971246,230102,1973-02-2-06-003,15416.07,
2971247,230103,1973-02-2-06-005,3311.69,
2971248,230104,1973-02-2-06-006,3311.69,
2971249,230106,1973-02-2-09-008,2530.7,
2971250,230108,1973-02-2-11-019,1710.06,
2971251,230110,1973-02-2-15-011,593.22,
2971252,230112,1973-02-2-28-026,576.19,
2971253,230113,1973-02-2-31-012,2086.44,
2971254,230114,1973-02-3-06-013,1226.09,
2971255,230116,1973-02-3-07-016,2558.32,
2971256,230117,1973-02-3-12-012,1295.96,
2971257,230118,1973-02-3-14-010,946.49,
2971258,230120,1973-02-3-16-005,1247.17,
2971259,230121,1973-02-3-17-011,2140.25,
2971260,230122,1973-02-3-20-006,8346.19,
2971261,230123,1973-02-3-22-002,1941.6,
2971262,230124,1973-02-3-23-006,2077.51,
2971263,230125,1973-02-3-24-019,2144.78,
2971264,230126,1973-02-3-26-004,2064.85,
2971265,230128,1973-02-4-03-010,2603.11,
2971266,230130,1973-02-4-10-039,2036.47,
2971267,230131,1973-02-4-10-046,2131.23,
2971268,230132,1973-02-4-12-046,1652.48,
2971269,230133,1973-02-4-13-012,2123.82,
2971270,230134,1973-03-1-06-010,1960.3,
2971271,230135,1973-03-1-07-023,12331.36,
2971272,230136,1973-03-1-08-020,1864.68,
2971273,230137,1973-03-1-10-013,1985.55,
2971274,230138,1973-03-1-13-007,958.25,
2971275,230143,1973-03-1-20-004,2665.22,
2971276,230144,1973-03-1-21-018,1873.69,
2971277,230146,1973-03-1-26-006,2104.38,
2971278,230147,1973-03-2-00-005,2601.6,
2971279,230149,1973-03-2-04-014,3139.78,
2971280,230150,1973-03-2-06-005,27.65,
2971281,230151,1973-03-2-10-005,877.3,
2971282,230152,1973-03-2-14-011,2266.4,
2971283,230153,1973-03-2-14-012,2194.72,
2971284,230154,1973-03-2-14-017,1423.96,
2971285,230158,1973-03-2-30-016,3311.78,
2971286,230159,1973-03-2-30-017,3311.78,
2971287,230160,1973-03-2-32-010,967.88,
2971288,230161,1973-03-2-35-007,6090.21,
2971289,230163,1973-03-4-08-003,7985.46,
2971290,230164,1973-03-4-11-012,2250.72,
2971291,230165,1973-03-4-12-007,2269.42,
2971292,230166,1973-03-4-12-010,1423.43,
2971293,230167,1973-03-4-13-001,2324.61,
2971294,230168,1973-03-4-13-021,2345.39,
2971295,230169,1973-03-4-23-001,10508.32,
2971296,230170,1973-03-4-23-002,5819.37,
2971297,230176,1973-11-1-01-017,3066.83,
2971298,230177,1973-11-1-12-014,2512.86,
2971299,230179,1973-11-1-17-004,2038.73,
2971300,230180,1973-11-1-17-022,1024.13,
2971301,230181,1973-11-2-04-004,2429.17,
2971302,230182,1973-11-2-14-005,1204.23,
2971303,230183,1973-11-2-14-028,2491.17,
2971304,230185,1973-11-3-17-005,2738.28,
2971305,230189,1973-11-4-01-062,1724.27,
2971306,230191,1973-11-4-01-102,1654.08,
2971307,230193,1973-11-4-01-115,863.26,
2971308,230194,1973-11-4-06-001,2137.27,
2971309,230195,1973-11-4-07-037,1210.56,
2971310,230196,1973-11-4-08-039,1969.23,
2971311,230198,1973-11-4-15-042,1708.56,
2971312,230199,1973-11-4-16-036,2061.07,
2971313,230201,1973-12-1-06-014,2362.77,
2971314,230202,1973-12-1-07-018,1239.39,
2971315,230205,1973-12-1-19-016,2541.88,
2971316,230209,1973-12-2-05-005,2752.47,
2971317,230210,1973-12-2-05-015,1290.06,
2971318,230213,1973-12-4-17-002,2924.25,
2971319,230216,1973-13-1-08-002,2379.1,
2971320,230222,1973-13-1-18-039,1275.64,
2971321,230229,1973-13-2-09-047,2708.43,
2971322,230232,1973-13-2-13-005,2294.01,
2971323,230234,1973-13-2-16-018,1586.83,
2971324,230237,1973-13-2-24-002,2620.34,
2971325,230238,1973-13-3-05-001,832.54,
2971326,230239,1973-13-3-06-004,1141,
2971327,230240,1973-13-3-08-023,2415,
2971328,230241,1973-13-3-09-002,2856.37,
2971329,230243,1973-13-3-09-022,2476.21,
2971330,230244,1973-13-3-12-014,2106.61,
2971331,230247,1973-13-3-21-002,1312.66,
2971332,230248,1973-13-3-21-009,961.85,
2971333,230250,1973-13-3-21-102,480.95,
2971334,230252,1973-13-4-03-005,1310.09,
2971335,230256,1973-14-1-05-031,838.01,
2971336,230257,1973-14-1-08-004,1342.03,
2971337,230259,1973-14-1-12-003,1345.83,
2971338,230261,1973-14-1-13-005,1884.45,
2971339,230263,1973-14-1-14-013,951.91,
2971340,230266,1973-14-1-18-006,1887.62,
2971341,230267,1973-14-1-19-012,1977.04,
2971342,230268,1973-14-1-23-004,943.1,
2971343,230269,1973-14-2-06-004,1788.04,
2971344,230275,1973-14-2-18-063,400.56,
2971345,230277,1973-14-2-18-068,598.73,
2971346,230281,1973-14-2-18-103,781.33,
2971347,230283,1973-14-3-05-003,2002.4,
2971348,230286,1973-14-3-20-001,1051.71,
2971349,230287,1973-14-3-22-002,323.61,
2971350,230288,1973-14-3-22-005,326.48,
2971351,230289,1973-14-3-22-007,434.44,
2971352,230291,1973-14-3-22-020,320.69,
2971353,230293,1973-14-3-22-044,341.24,
2971354,230298,1973-14-3-22-075,320.69,
2971355,230299,1973-14-3-22-077,664.46,
2971356,230300,1973-14-3-22-078,628.89,
2971357,230303,1973-14-3-22-109,247.87,
2971358,230307,1973-14-3-22-130,628.89,
2971359,230310,1973-14-4-06-019,1726.11,
2971360,230315,1973-18-1-01-011,60099.13,
2971361,230316,1973-18-4-02-023,2030.01,
2971362,230317,1973-21-1-05-036,939.83,
2971363,230318,1973-21-1-05-066,420.95,
2971364,230319,1973-21-1-05-079,828.18,
2971365,230320,1973-21-1-05-081,853.53,
2971366,230321,1973-21-1-05-091,853.53,
2971367,230322,1973-21-1-05-095,233.38,
2971368,230323,1973-21-1-05-106,824.95,
2971369,230324,1973-21-1-05-132,824.95,
2971370,230325,1973-21-1-05-160,839.54,
2971371,230326,1973-21-1-05-169,853.53,
2971372,230327,1973-21-1-05-215,911.88,
2971373,230328,1973-21-1-05-229,853.53,
2971374,230329,1973-21-1-05-280,837.62,
2971375,230330,1973-21-4-11-013,724.69,
2971376,230331,1973-21-4-11-017,726.58,
2971377,230332,1973-21-4-11-025,724.69,
2971378,230333,1973-21-4-11-049,724.69,
2971379,230335,1973-21-4-11-065,724.69,
2971380,230336,1973-21-4-11-073,759.59,
2971381,230337,1973-21-4-11-105,724.69,
2971382,230338,1973-21-4-11-112,722.14,
2971383,230340,1973-21-4-11-137,651.73,
2971384,230341,1973-21-4-11-142,971.78,
2971385,230343,1973-21-4-11-177,753.26,
2971386,230344,1973-21-4-11-200,713.92,
2971387,230345,1973-22-3-04-012,2770.85,
2971388,230349,1973-23-1-09-001,1939.86,
2971389,230350,1973-23-1-19-009,2027.73,
2971390,230351,1973-23-1-20-005,1392.65,
2971391,230353,1973-23-2-08-007,1659.24,
2971392,230354,1973-23-2-16-005,2791.95,
2971393,230358,1973-23-3-05-016,2006.14,
2971394,230362,1973-23-3-07-014,1850.43,
2971395,230363,1973-23-3-11-004,1597.22,
2971396,230364,1973-23-3-11-005,1597.22,
2971397,230365,1973-23-3-11-006,1597.22,
2971398,230366,1973-23-3-20-010,1701.87,
2971399,230369,1973-23-4-15-012,2219.4,
2971400,230371,1973-23-4-19-003,2249,
2971401,230373,1973-23-4-20-039,2201.64,
2971402,230374,1973-23-4-21-008,2137.56,
2971403,230375,1973-23-4-22-027,1886.06,
2971404,230376,1973-23-4-25-015,2048.75,
2971405,230381,1973-24-1-06-039,1696.63,
2971406,230382,1973-24-2-02-010,2149.06,
2971407,230383,1973-24-2-07-008,2604.62,
2971408,230384,1973-24-2-10-012,1939.35,
2971409,230386,1973-24-2-10-136,1762.38,
2971410,230388,1973-24-3-01-028,2557.55,
2971411,230391,1973-24-3-05-007,2480,
2971412,230392,1973-24-3-06-028,2647.18,
2971413,230394,1973-24-4-02-013,1931.82,
2971414,230395,1973-24-4-04-003,2825.63,
2971415,230397,1973-25-1-09-036,972.86,
2971416,230398,1973-25-1-11-054,1183.47,
2971417,230400,1973-25-1-13-051,1945.91,
2971418,230401,1973-25-1-14-132,1096.37,
2971419,230402,1973-25-1-14-152,1096.37,
2971420,230403,1973-25-1-17-010,723.12,
2971421,230404,1973-25-1-17-037,828.12,
2971422,230405,1973-25-1-22-034,763.49,
2971423,230406,1973-25-2-06-007,1467.5,
2971424,230409,1973-25-3-04-001,2594.79,
2971425,230410,1973-25-3-16-002,1903.75,
2971426,230411,1973-25-3-20-004,1526.25,
2971427,230412,1973-25-4-07-037,894.47,
2971428,230414,1973-25-4-07-085,587.18,
2971429,230415,1973-25-4-07-193,837.36,
2971430,230416,1973-25-4-12-020,1690.82,
2971431,230417,1973-25-4-15-065,2558.48,
2971432,230419,1973-26-1-05-041,1241.36,
2971433,230420,1973-26-1-05-045,1360.88,
2971434,230422,1973-26-1-12-010,2177.93,
2971435,230423,1973-26-1-19-018,1813.3,
2971436,230427,1973-26-3-03-014,2154.3,
2971437,230428,1973-26-3-04-021,2248.01,
2971438,230429,1973-26-3-05-026,2225.82,
2971439,230434,1973-26-4-10-007,2443.65,
2971440,230435,1973-26-4-10-026,1498.27,
2971441,230436,1973-26-4-11-004,2440.29,
2971442,230437,1973-26-4-15-027,938.02,
2971443,230439,1973-26-4-23-020,1122.23,
2971444,230442,1973-27-1-04-223,878.81,
2971445,230443,1973-27-1-04-301,1455.09,
2971446,230444,1973-27-1-04-305,562.38,
2971447,230445,1973-27-1-04-322,1749.2,
2971448,230446,1973-27-1-04-343,1869.31,
2971449,230447,1973-27-1-04-344,1619.92,
2971450,230448,1973-27-1-05-006,664.44,
2971451,230452,1973-27-1-05-316,542.37,
2971452,230455,1973-27-2-11-002,1710.63,
2971453,230456,1973-27-2-11-003,2882.53,
2971454,230457,1973-28-1-02-010,46977.03,
2971455,230458,1973-28-1-02-011,27565.53,
2971456,230459,1973-28-1-02-012,5311.32,
2971457,230460,1973-28-1-03-006,9973.47,
2971458,230461,1973-28-1-03-007,9558.99,
2971459,230462,1973-28-1-03-010,89798.81,
2971460,230463,1973-28-3-00-003,367.33,
2971461,230464,1973-28-3-00-004,37.25,
2971462,230466,1973-29-3-11-001,2661.38,
2971463,230468,1973-30-4-05-015,1235.08,
2971464,230470,1973-30-4-07-049,2995.03,
2971465,230471,1973-30-4-09-014,1910.94,
2971466,230472,1973-30-4-21-004,5566.39,
2971467,230473,1973-32-2-03-035,2673.57,
2971468,230475,1973-32-2-07-015,2849.81,
2971469,230477,1973-32-2-10-017,1473.97,
2971470,230479,1973-32-3-03-002,1921.97,
2971471,230482,1973-35-1-05-015,1155.44,
2971472,230483,1973-35-1-07-006,2320.59,
2971473,230484,1973-35-1-17-071,866.27,
2971474,230485,1973-35-2-02-044,808.36,
2971475,230487,1973-35-2-04-031,14810.11,
2971476,230488,1973-35-2-07-048,1443.79,
2971477,230489,1973-35-2-07-112,544.76,
2971478,230490,1973-36-1-01-004,1695.88,
2971479,230491,1973-36-1-04-007,1775.01,
2971480,230492,1973-36-1-40-011,1629.21,
2971481,230493,1973-36-1-40-033,1287.48,
2971482,230494,1973-36-1-40-034,1291.86,
2971483,230495,1973-36-1-40-037,1167.02,
2971484,230497,1973-36-1-40-075,1304.93,
2971485,230499,1973-36-1-40-134,564.62,
2971486,230500,1973-36-1-44-019,1287.48,
2971487,230501,1973-36-1-44-063,1244.07,
2971488,230502,1973-36-1-44-118,1292.49,
2971489,230503,1973-36-1-44-137,1899.42,
2971490,230504,1973-36-1-48-002,1599.97,
2971491,230505,1973-36-1-48-039,2462.22,
2971492,230506,1973-36-1-50-017,2197.57,
2971493,230507,1973-36-2-01-052,1439.51,
2971494,230509,1973-36-2-03-023,2066.96,
2971495,230510,1973-36-2-05-021,762.71,
2971496,230511,1973-36-2-07-027,1033.14,
2971497,230512,1973-36-2-13-006,1586.53,
2971498,230514,1973-36-2-22-099,953.68,
2971499,230516,1973-36-2-25-041,486.65,
2971500,230517,1973-36-4-02-027,1117.92,
2971501,230518,1973-36-4-02-158,591.09,
2971502,230519,1973-36-4-02-179,570.99,
2971503,230520,1973-36-4-08-008,665.5,
2971504,230521,1973-36-4-08-128,1653.43,
2971505,230522,1975-02-4-01-003,8350.92,
2971506,230523,1975-02-4-01-038,5747.38,
2971507,230524,1975-02-4-01-041,11264.93,
2971508,230526,1975-04-3-01-003,10128.57,
2971509,230527,1975-05-1-03-003,2295.51,
2971510,230528,1975-05-1-08-020,1746.7,
2971511,230529,1975-05-1-11-025,2283.58,
2971512,230531,1975-05-1-19-003,1486.05,
2971513,230532,1975-05-2-01-017,20743.99,
2971514,230533,1975-05-2-05-003,4602.79,
2971515,230534,1975-05-2-08-049,1470.39,
2971516,230535,1975-05-3-02-022,8046.13,
2971517,230537,1975-05-4-11-017,1276.38,
2971518,230538,1975-05-4-11-029,2639.75,
2971519,230542,1975-06-1-09-014,1804.18,
2971520,230545,1975-06-1-16-112,1530.1,
2971521,230547,1975-06-4-18-009,1604.13,
2971522,230548,1975-07-1-02-007,899.22,
2971523,230550,1975-07-1-02-024,1273.96,
2971524,230554,1975-07-1-02-077,1277.74,
2971525,230556,1975-07-1-02-108,1051.55,
2971526,230558,1975-07-1-02-123,1312.1,
2971527,230559,1975-07-1-02-130,1012.67,
2971528,230560,1975-07-1-02-162,1255.37,
2971529,230561,1975-07-1-02-163,884.28,
2971530,230563,1975-07-1-02-169,635.38,
2971531,230565,1975-07-1-02-181,1297.92,
2971532,230567,1975-07-1-02-187,920.8,
2971533,230568,1975-07-1-02-198,1140.42,
2971534,230572,1975-07-1-02-272,1250.12,
2971535,230573,1975-07-4-04-008,2461.32,
2971536,230574,1975-07-4-09-020,2496.31,
2971537,230579,1975-16-3-05-004,2591.93,
2971538,230580,1975-16-3-05-019,1861.67,
2971539,230581,1975-16-3-09-016,39.58,
2971540,230586,1975-16-4-20-021,706.41,
2971541,230587,1975-16-4-20-048,1401.68,
2971542,230588,1975-16-4-22-062,1503.25,
2971543,230592,1975-17-2-13-063,1454.69,
2971544,230594,1975-17-3-17-004,2583.66,
2971545,230595,1975-17-3-18-006,14792.81,
2971546,230604,1975-18-4-07-029,2755.56,
2971547,230610,1975-18-4-10-061,1348.64,
2971548,230613,1975-18-4-10-110,481.88,
2971549,230616,1975-19-1-05-018,1426.42,
2971550,230618,1975-19-1-11-012,1637.65,
2971551,230619,1975-19-1-14-014,926.47,
2971552,230620,1975-19-1-14-043,2562.84,
2971553,230621,1975-19-1-15-028,2380.72,
2971554,230622,1975-19-1-17-054,39.58,
2971555,230624,1975-19-2-05-007,985.7,
2971556,230625,1975-19-2-05-026,1688.49,
2971557,230626,1975-19-2-05-065,1783.36,
2971558,230629,1975-19-2-07-018,810.35,
2971559,230631,1975-19-2-15-029,37.75,
2971560,230632,1975-19-2-17-060,2296.26,
2971561,230633,1975-19-2-17-066,1956.55,
2971562,230634,1975-19-2-19-004,1304.86,
2971563,230635,1975-19-2-19-040,2360.85,
2971564,230638,1975-19-2-24-038,3046.72,
2971565,230641,1975-19-3-23-041,1961.7,
2971566,230642,1975-19-3-31-006,1244.96,
2971567,230644,1975-19-3-32-016,1244.96,
2971568,230645,1975-19-3-32-039,606.95,
2971569,230647,1975-19-3-34-075,1273.33,
2971570,230648,1975-19-3-36-020,1603.29,
2971571,230649,1975-19-3-36-053,680.5,
2971572,230650,1975-19-4-02-021,6525.38,
2971573,230653,1975-19-4-04-005,1298.9,
2971574,230657,1975-19-4-09-038,1102.89,
2971575,230660,1975-19-4-20-030,910.93,
2971576,230662,1975-20-1-08-001,1244.56,
2971577,230665,1975-20-1-11-031,1201.3,
2971578,230667,1975-20-1-15-010,2774.9,
2971579,230668,1975-20-1-16-001,3716.88,
2971580,230670,1975-20-1-21-010,2471.08,
2971581,230671,1975-20-2-00-800,26.05,
2971582,230673,1975-20-2-06-012,2814.47,
2971583,230674,1975-20-2-07-008,2917.49,
2971584,230677,1975-20-2-26-021,642.08,
2971585,230681,1975-20-3-17-022,41.19,
2971586,230682,1975-20-4-02-002,2446.37,
2971587,230683,1975-20-4-05-012,2736.88,
2971588,230685,1975-20-4-10-008,2406.81,
2971589,230686,1975-20-4-19-005,2503.22,
2971590,230691,1975-21-1-05-006,2570.35,
2971591,230692,1975-21-1-05-076,2585.29,
2971592,230695,1975-21-1-10-017,2757.06,
2971593,230696,1975-21-2-02-017,2648.78,
2971594,230697,1975-21-2-03-006,1300.45,
2971595,230699,1975-21-3-03-009,2571.84,
2971596,230700,1975-21-3-03-032,2591.31,
2971597,230701,1975-21-3-14-035,1170.18,
2971598,230703,1975-21-4-05-031,1113.12,
2971599,230705,1975-21-4-06-015,2653.18,
2971600,230706,1975-21-4-15-004,2895.89,
2971601,230708,1975-21-4-24-040,1317.84,
2971602,230712,1975-22-1-04-009,490.84,
2971603,230718,1975-22-2-07-027,2520.17,
2971604,230719,1975-22-2-10-017,2635.36,
2971605,230720,1975-22-2-14-007,2603.98,
2971606,230723,1975-22-3-12-030,2473.97,
2971607,230724,1975-22-4-04-022,2565.83,
2971608,230726,1975-28-1-01-005,2747.29,
2971609,230728,1975-28-1-04-031,3140.12,
2971610,230732,1975-28-2-09-003,2746.56,
2971611,230733,1975-28-2-11-013,1537.84,
2971612,230735,1975-28-3-09-005,2435.92,
2971613,230740,1975-29-1-09-056,34.88,
2971614,230741,1975-29-1-09-060,2587.54,
2971615,230749,1975-29-4-11-027,2592.05,
2971616,230751,1975-29-4-16-005,2582.26,
2971617,230752,1975-29-4-17-001,2556.17,
2971618,230757,1975-30-1-11-010,2883.98,
2971619,230759,1975-30-1-22-008,3059.43,
2971620,230762,1975-30-1-28-013,1317.46,
2971621,230763,1975-30-2-04-018,2070.75,
2971622,230765,1975-30-2-06-004,2373.21,
2971623,230770,1975-30-3-06-010,832.92,
2971624,230772,1975-30-4-02-024,39.58,
2971625,230775,1975-30-4-17-001,2916.86,
2971626,230776,1975-30-4-17-011,39.58,
2971627,230777,1975-31-2-05-052,2538.51,
2971628,230778,1975-31-2-05-121,1699.16,
2971629,230779,1975-31-2-08-021,3259.93,
2971630,230780,1975-31-2-09-103,2072.41,
2971631,230781,1975-31-2-09-143,2496.97,
2971632,230782,1975-31-2-18-003,3367.8,
2971633,230783,1975-31-2-18-006,3218.38,
2971634,230784,1975-31-2-18-034,1330.25,
2971635,230785,1975-31-2-18-046,2909.11,
2971636,230786,1975-31-2-20-019,1699.3,
2971637,230788,1975-31-4-04-036,2547.28,
2971638,230789,1975-31-4-05-002,2547.99,
2971639,230790,1975-31-4-22-006,2676.39,
2971640,230793,1975-31-4-33-006,2022.96,
2971641,230794,1975-31-4-41-020,1539.14,
2971642,230795,1975-31-4-41-061,1539.14,
2971643,230796,1975-31-4-41-101,1539.14,
2971644,230797,1975-32-1-03-008,99.34,
2971645,230800,1975-32-1-18-002,2816.7,
2971646,230801,1975-32-2-01-024,2615.04,
2971647,230807,1975-32-2-05-013,2610.66,
2971648,230808,1975-32-2-07-051,2591.93,
2971649,230810,1975-32-2-12-020,1290.8,
2971650,230815,1975-32-3-06-006,2701,
2971651,230817,1975-32-3-08-038,2582.92,
2971652,230818,1975-32-3-09-023,2516.52,
2971653,230821,1975-32-3-12-057,2533.7,
2971654,230827,1975-32-4-05-009,4628.54,
2971655,230828,1975-32-4-09-012,1907.98,
2971656,230833,1975-32-4-19-001,1346.25,
2971657,230835,1975-33-1-01-005,2804.78,
2971658,230836,1975-33-1-03-004,2534.47,
2971659,230842,1975-33-2-08-008,2720.45,
2971660,230843,1975-33-2-12-016,2745.79,
2971661,230844,1975-33-2-14-002,1367.76,
2971662,230851,1975-34-2-01-009,1727.14,
2971663,230856,1975-34-3-03-038,1014.33,
2971664,230862,1977-00-0-00-160,2827.4,
2971665,230863,1977-00-0-00-818,24.95,
2971666,230864,1977-00-0-04-005,4216.81,
2971667,230865,1977-07-4-01-001,6298.97,
2971668,230866,1977-07-4-02-008,4441.94,
2971669,230867,1977-07-4-03-012,8904.78,
2971670,230868,1977-07-4-03-013,3549.02,
2971671,230869,1979-00-0-00-085,2421.68,
2971672,230870,1979-00-0-00-094,100.67,
2971673,230871,1979-00-0-01-006,1387.93,
2971674,230873,1981-00-0-01-012,1577.07,
2971675,230874,1981-00-0-01-016,1395.35,
2971676,230877,1983-04-1-02-008,543.66,
2971677,230879,1985-00-0-00-818,27.69,
2971678,230880,1985-00-0-00-827,35.05,
2971679,230881,1985-00-0-00-842,32.27,
2971680,230882,1985-08-4-00-002,25.86,
2971681,230885,1985-09-2-09-004,75.21,
2971682,230886,1985-09-2-09-010,370.12,
2971683,230887,1985-09-2-09-011,132.18,
2971684,230888,1985-09-2-10-006,127.38,
2971685,230891,1985-09-2-10-021,135.04,
2971686,230892,1985-09-2-11-006,127.38,
2971687,230894,1985-09-2-11-018,127.38,
2971688,230895,1985-09-2-11-019,131.08,
2971689,230896,1985-09-3-00-001,34.36,
2971690,230900,1985-09-3-02-008,722.42,
2971691,230901,1985-09-3-05-006,514.96,
2971692,230902,1985-09-3-05-007,4514.16,
2971693,230903,1985-16-2-00-001,625.76,
2971694,230904,1985-16-2-00-040,34.36,
2971695,230905,1985-16-2-00-099,34.36,
2971696,230906,1985-16-2-02-005,582.68,
2971697,230907,1985-16-2-06-008,722.42,
2971698,230908,1985-17-1-00-004,907.7,
2971699,230910,1987-00-0-00-849,24.65,
2971700,230911,1987-00-0-00-855,24.63,
2971701,230912,1987-00-0-00-859,27.65,
2971702,230913,1987-00-0-00-861,24.63,
2971703,230917,2055-00-0-00-822,35.33,
2971704,230918,2059-18-3-00-801,24.22,
2971705,230920,2059-18-3-17-005,35.62,
2971706,230921,2061-00-0-00-826,35.26,
2971707,230922,2061-00-0-00-828,25.79,
2971708,230923,2061-00-0-00-831,24.96,
2971709,230924,2061-00-0-00-832,25.12,
2971710,230925,2061-00-0-00-841,24.47,
2971711,230926,2061-00-0-00-859,24.47,
2971712,230927,2061-00-0-00-874,24.45,
2971713,230928,2061-00-0-00-888,24.45,
2971714,230929,2061-13-1-20-002,563.35,
2971715,230930,2061-13-1-27-006,450.41,
2971716,230931,2061-13-4-07-004,374.87,
2971717,230932,2061-13-4-09-007,450.64,
2971718,230933,2061-13-4-09-011,321.59,
2971719,230936,2061-13-4-11-022,670.95,
2971720,230941,2063-00-0-00-849,30.63,
2971721,230942,2065-00-0-00-175,230.25,
2971722,230944,2067-00-0-01-007,1464.6,
2971723,230946,2071-00-0-00-822,31.25,
2971724,230947,2073-03-1-13-004,601.62,
2971725,230952,2073-03-2-01-009,1893.05,
2971726,230953,2073-03-2-04-008,1028.48,
2971727,230958,2073-03-2-21-009,1708.76,
2971728,230964,2073-03-3-10-012,1917.23,
2971729,230966,2073-03-3-19-016,1079.6,
2971730,230968,2073-03-3-24-001,1438.97,
2971731,230970,2073-03-4-06-002,1729.22,
2971732,230971,2073-03-4-11-008,1845.62,
2971733,230973,2073-03-4-22-026,1818.12,
2971734,230974,2073-03-4-22-036,1016.46,
2971735,230976,2073-03-4-23-012,2081.52,
2971736,230978,2073-04-1-10-003,33.91,
2971737,230982,2073-04-1-28-025,1106.12,
2971738,230984,2073-04-2-07-007,30.38,
2971739,230985,2073-04-2-16-002,1994.27,
2971740,230986,2073-04-3-04-012,1714.71,
2971741,230988,2073-04-3-10-006,1660.85,
2971742,230991,2073-04-3-30-020,717.76,
2971743,230993,2073-04-4-16-009,916.16,
2971744,230994,2073-04-4-17-003,1720.6,
2971745,230996,2073-05-1-01-056,1327.46,
2971746,230998,2073-05-1-05-018,1628.01,
2971747,231002,2073-05-1-08-016,2044.34,
2971748,231007,2073-05-1-13-034,1639.32,
2971749,231010,2073-05-1-16-005,32.99,
2971750,231011,2073-05-1-17-010,1708.29,
2971751,231014,2073-05-2-01-084,1017.78,
2971752,231015,2073-05-2-01-089,1537.01,
2971753,231024,2073-05-3-04-057,1357.6,
2971754,231029,2073-05-4-01-008,1711.56,
2971755,231030,2073-05-4-03-006,1863.36,
2971756,231032,2073-05-4-08-021,2097.72,
2971757,231040,2073-05-4-20-004,1410.37,
2971758,231044,2073-06-1-07-014,3510.7,
2971759,231045,2073-06-1-12-024,1290.81,
2971760,231046,2073-06-1-12-046,1338.24,
2971761,231048,2073-06-1-13-082,1289.16,
2971762,231049,2073-06-1-14-006,822.08,
2971763,231051,2073-06-1-19-023,1022.6,
2971764,231052,2073-06-1-21-009,970.89,
2971765,231057,2073-06-3-23-025,1218.24,
2971766,231059,2073-07-1-05-023,35.31,
2971767,231061,2073-07-1-13-007,1814.8,
2971768,231063,2073-07-1-15-018,1789.26,
2971769,231065,2073-07-2-06-001,2758.29,
2971770,231066,2073-07-2-12-001,14914.45,
2971771,231067,2073-07-2-13-143,1166.19,
2971772,231069,2073-07-2-22-037,947.04,
2971773,231070,2073-07-2-22-046,1136.83,
2971774,231071,2073-07-2-23-046,1706.89,
2971775,231072,2073-07-2-23-057,1701.49,
2971776,231073,2073-07-2-23-070,1717.73,
2971777,231074,2073-07-3-08-007,2626.12,
2971778,231075,2073-07-3-09-010,2736.79,
2971779,231078,2073-08-1-23-026,1569.89,
2971780,231079,2073-08-1-24-015,666.44,
2971781,231081,2073-08-2-02-022,35.31,
2971782,231084,2073-08-2-13-009,1008.22,
2971783,231085,2073-08-2-15-019,1283.86,
2971784,231089,2073-08-3-05-007,2388.6,
2971785,231093,2073-08-4-07-016,834.08,
2971786,231094,2073-08-4-15-001,952.97,
2971787,231096,2073-09-3-08-032,1745.41,
2971788,231101,2073-10-2-10-002,996.22,
2971789,231102,2073-16-1-13-007,41.25,
2971790,231103,2073-16-1-21-016,3045.46,
2971791,231106,2073-16-1-30-036,3608.99,
2971792,231107,2073-16-1-36-012,3137.7,
2971793,231113,2073-16-2-25-011,1354.53,
2971794,231114,2073-16-2-29-003,3489.9,
2971795,231115,2073-16-2-36-006,3079.93,
2971796,231117,2073-16-2-36-048,1597.09,
2971797,231118,2073-16-3-01-004,3100.49,
2971798,231120,2073-16-3-15-009,3491.44,
2971799,231121,2073-19-3-04-005,5627.52,
2971800,231122,2073-20-1-03-021,6012.51,
2971801,231124,2073-23-1-01-014,4272.46,
2971802,231125,2073-27-2-03-008,10066.88,
2971803,231126,2073-28-4-03-005,4448.67,
2971804,231127,2073-29-4-00-001,35085.5,
2971805,231128,2073-30-1-02-006,154075.1,
2971806,231129,2073-33-1-05-018,37.33,
2971807,231130,2073-34-1-01-008,3205.62,
2971808,231131,2075-05-3-06-021,3910.22,
2971809,231132,2075-05-3-09-002,7893.04,
2971810,231133,2075-06-2-09-001,17518.47,
2971811,231135,2075-06-3-04-016,38.72,
2971812,231136,2075-06-4-19-006,8434.61,
2971813,231137,2075-08-2-02-002,220.74,
2971814,231138,2075-10-2-03-001,4439.11,
2971815,231139,2075-10-2-08-008,4338.79,
2971816,231140,2075-10-2-10-015,3919.2,
2971817,231141,2075-10-3-02-014,3094.23,
2971818,231142,2075-10-3-07-002,3617.3,
2971819,231144,2075-12-1-00-003,18688.97,
2971820,231145,2075-14-2-03-015,7193.9,
2971821,231146,2075-14-2-13-016,9698.45,
2971822,231147,2075-14-2-23-003,9135.27,
2971823,231148,2075-14-2-25-003,3606.34,
2971824,231153,2075-15-2-06-002,102.95,
2971825,231154,2075-15-2-07-020,8492.1,
2971826,231155,2075-15-3-02-047,121.02,
2971827,231157,2075-15-4-02-005,2497.35,
2971828,231158,2075-17-3-05-002,5460.22,
2971829,231159,2075-19-1-04-011,4638.69,
2971830,231160,2075-19-2-09-007,1984.99,
2971831,231161,2075-19-2-09-023,3672.17,
2971832,231162,2075-19-2-13-004,42.09,
2971833,231163,2075-19-3-04-007,3613.9,
2971834,231164,2075-19-3-11-014,3910.02,
2971835,231167,2075-20-1-04-017,3122.64,
2971836,231168,2075-20-1-05-014,4216.46,
2971837,231169,2075-20-2-12-012,3546.36,
2971838,231170,2075-20-2-14-002,4103.75,
2971839,231173,2075-21-3-14-003,13059.23,
2971840,231174,2075-21-4-05-022,63252.06,
2971841,231175,2075-22-1-06-038,4422.54,
2971842,231176,2075-22-1-06-049,3073.23,
2971843,231177,2075-22-4-14-050,1224.31,
2971844,231178,2075-22-4-16-016,1512.22,
2971845,231179,2075-22-4-16-017,1512.22,
2971846,231180,2075-22-4-20-004,1971.97,
2971847,231181,2075-23-2-21-005,4999.75,
2971848,231183,2075-24-3-05-007,38.96,
2971849,231184,2075-24-3-06-007,38.96,
2971850,231185,2075-24-3-09-008,6313.46,
2971851,231186,2075-28-1-14-026,3026.59,
2971852,231187,2075-28-1-15-004,3057.23,
2971853,231188,2075-28-1-17-006,3731.27,
2971854,231190,2075-28-2-10-057,3615.88,
2971855,231192,2075-28-3-25-013,3312.6,
2971856,231194,2075-28-4-14-017,1957.55,
2971857,231196,2075-29-4-13-008,5812.95,
2971858,231198,2075-30-2-01-001,2832.68,
2971859,231199,2075-30-2-06-009,3026.32,
2971860,231201,2075-30-2-14-003,2663.2,
2971861,231202,2075-30-2-20-009,3534.88,
2971862,231203,2075-30-2-22-023,3841,
2971863,231204,2075-30-2-25-018,3565.21,
2971864,231207,2075-30-3-13-035,5014.57,
2971865,231208,2075-30-4-03-001,3487.22,
2971866,231209,2075-30-4-04-016,2255.29,
2971867,231212,2075-31-2-01-001,8845.54,
2971868,231213,2075-32-1-00-028,39.13,
2971869,231215,2075-32-1-12-039,3530.15,
2971870,231216,2075-32-2-05-001,4790.95,
2971871,231217,2075-32-2-05-002,2275.23,
2971872,231218,2075-32-2-10-048,6411.9,
2971873,231219,2075-32-3-08-009,5243.42,
2971874,231220,2075-32-3-10-015,5108.14,
2971875,231221,2075-32-4-01-010,40.03,
2971876,231222,2075-33-1-06-050,2633.62,
2971877,231223,2075-33-1-06-074,5087.8,
2971878,231224,2075-33-2-02-063,3637.16,
2971879,231226,2077-01-1-03-011,17415.47,
2971880,231228,2077-01-4-04-014,55845.72,
2971881,231233,2077-03-1-07-001,4860.61,
2971882,231234,2077-03-1-10-004,35.3,
2971883,231235,2077-03-1-10-011,1868.34,
2971884,231236,2077-03-1-13-003,2726.78,
2971885,231237,2077-03-1-17-001,7655.35,
2971886,231238,2077-03-1-19-013,1967.99,
2971887,231239,2077-03-2-01-009,2061.67,
2971888,231240,2077-03-2-01-017,35.3,
2971889,231241,2077-03-2-12-010,10622.16,
2971890,231242,2077-03-2-18-008,1658.12,
2971891,231243,2077-03-2-20-018,2322.24,
2971892,231245,2077-03-2-26-011,874.72,
2971893,231247,2077-03-2-33-006,2207.89,
2971894,231248,2077-03-3-01-008,1205.25,
2971895,231249,2077-03-3-05-005,2264.78,
2971896,231250,2077-03-3-05-006,1940.88,
2971897,231251,2077-03-3-06-003,1960.91,
2971898,231252,2077-03-3-08-006,2591.96,
2971899,231253,2077-03-3-11-006,1298.44,
2971900,231254,2077-03-3-13-017,12347.34,
2971901,231255,2077-03-3-20-009,2277.22,
2971902,231256,2077-03-3-23-019,8499.39,
2971903,231257,2077-03-3-27-004,1517.31,
2971904,231258,2077-03-3-31-018,2090.35,
2971905,231259,2077-03-4-04-004,2077.42,
2971906,231260,2077-03-4-04-012,2211.76,
2971907,231263,2077-03-4-19-003,1773,
2971908,231264,2077-03-4-25-011,5308.56,
2971909,231267,2077-04-1-08-007,11828.83,
2971910,231268,2077-04-1-08-008,13996.95,
2971911,231270,2077-04-4-11-016,1963.64,
2971912,231271,2077-05-1-00-005,18240.87,
2971913,231272,2077-05-1-00-006,11845.1,
2971914,231273,2077-05-1-00-039,764.78,
2971915,231275,2077-05-2-03-003,1981.02,
2971916,231277,2077-05-2-12-028,3596.64,
2971917,231279,2077-05-2-15-007,2227.75,
2971918,231280,2077-05-2-16-031,38.4,
2971919,231281,2077-05-3-01-029,2020.05,
2971920,231283,2077-05-4-04-013,2127.51,
2971921,231287,2077-07-4-17-013,3521.34,
2971922,231289,2077-08-2-02-037,173.65,
2971923,231290,2077-08-2-04-013,2723.05,
2971924,231291,2077-08-2-09-034,1817.68,
2971925,231293,2077-08-3-06-026,2541.87,
2971926,231294,2077-08-3-10-005,1157.65,
2971927,231295,2077-08-4-00-041,1964.67,
2971928,231296,2077-08-4-01-002,1780.97,
2971929,231298,2077-09-1-13-010,2201.96,
2971930,231299,2077-09-1-18-001,1959.32,
2971931,231301,2077-09-4-07-003,2952.71,
2971932,231302,2077-09-4-13-001,1424.7,
2971933,231304,2077-10-1-08-004,8092.65,
2971934,231305,2077-10-1-08-005,7279,
2971935,231306,2077-10-1-09-011,1763.73,
2971936,231308,2077-10-1-16-010,1173.36,
2971937,231309,2077-10-1-17-023,2041.11,
2971938,231310,2077-10-1-18-006,2042.21,
2971939,231311,2077-10-1-25-004,6175.99,
2971940,231312,2077-10-1-27-002,1553.6,
2971941,231313,2077-10-1-30-016,2023.16,
2971942,231314,2077-10-1-31-020,1964.71,
2971943,231316,2077-10-2-02-011,1665.22,
2971944,231317,2077-10-2-13-018,1554.72,
2971945,231320,2077-10-3-01-008,1594.22,
2971946,231321,2077-10-3-03-007,1904.64,
2971947,231324,2077-10-3-19-007,1137.98,
2971948,231325,2077-10-3-20-004,1950.14,
2971949,231326,2077-10-3-20-008,2845.99,
2971950,231327,2077-10-4-02-016,920.32,
2971951,231328,2077-10-4-09-007,8002.17,
2971952,231329,2077-10-4-09-008,4815.41,
2971953,231331,2077-10-4-09-010,5901.32,
2971954,231332,2077-10-4-23-006,2125.07,
2971955,231333,2077-10-4-26-009,3312.85,
2971956,231335,2077-11-1-01-010,8950.87,
2971957,231336,2077-11-1-01-024,38.72,
2971958,231340,2077-11-3-01-006,11513.9,
2971959,231343,2077-14-1-06-018,11861.63,
2971960,231344,2077-14-1-06-027,11564.15,
2971961,231345,2077-14-4-17-007,5268.56,
2971962,231347,2077-15-2-19-025,1301.81,
2971963,231350,2077-15-3-09-001,189.65,
2971964,231351,2077-15-3-10-012,378.24,
2971965,231352,2077-15-3-17-023,1710.24,
2971966,231353,2077-15-3-18-005,3618.16,
2971967,231354,2077-15-3-21-014,25258.06,
2971968,231355,2077-15-3-21-015,361.74,
2971969,231358,2077-15-4-08-019,5049.73,
2971970,231361,2077-16-1-08-035,3378.18,
2971971,231362,2077-16-1-17-005,4355.44,
2971972,231364,2077-16-2-01-008,27589.33,
2971973,231365,2077-16-2-03-004,2425.3,
2971974,231366,2077-16-2-07-005,3096.11,
2971975,231367,2077-16-2-14-001,30298.57,
2971976,231369,2077-16-3-13-005,23541.16,
2971977,231370,2077-16-3-15-016,1213.08,
2971978,231372,2077-16-4-07-001,2812.9,
2971979,231373,2077-16-4-08-006,3654.67,
2971980,231374,2077-16-4-11-005,1829.15,
2971981,231375,2077-16-4-17-005,1292.1,
2971982,231376,2077-16-4-20-006,11547.67,
2971983,231377,2077-17-2-05-019,3102.05,
2971984,231378,2077-17-2-08-001,69.12,
2971985,231379,2077-17-2-08-018,2809.39,
2971986,231380,2077-17-3-04-011,3696.73,
2971987,231381,2077-17-3-05-005,2785.85,
2971988,231383,2077-17-4-05-004,42364.31,
2971989,231384,2077-17-4-06-008,13003.32,
2971990,231385,2077-17-4-14-001,9046.45,
2971991,231386,2077-18-1-19-018,3999.36,
2971992,231387,2077-19-1-03-005,3242.53,
2971993,231388,2077-19-1-16-019,2195.89,
2971994,231390,2077-19-1-18-001,42.92,
2971995,231391,2077-19-3-00-018,5459.57,
2971996,231392,2077-19-3-03-004,2751.58,
2971997,231393,2077-19-3-03-007,4876.09,
2971998,231394,2077-20-3-02-003,9554.02,
2971999,231395,2077-21-1-08-002,3745.77,
2972000,231396,2077-21-2-05-013,1637.16,
2972001,231397,2077-21-2-18-012,3224.9,
2972002,231398,2077-21-3-01-015,3287.08,
2972003,231399,2077-21-3-08-008,3495.87,
2972004,231400,2077-21-3-18-038,3023.65,
2972005,231402,2077-21-4-04-027,2867.34,
2972006,231404,2077-22-1-06-019,41.13,
2972007,231405,2077-22-1-09-005,3927.79,
2972008,231407,2077-22-1-10-023,1179.24,
2972009,231408,2077-22-1-10-033,1179.24,
2972010,231409,2077-22-2-01-011,3373.13,
2972011,231410,2077-22-2-13-009,3740.51,
2972012,231411,2077-22-2-22-012,1529.07,
2972013,231412,2077-22-3-14-003,3376.94,
2972014,231413,2077-22-4-04-016,4197.13,
2972015,231414,2077-22-4-07-003,3796.76,
2972016,231416,2077-23-2-00-009,41.13,
2972017,231418,2077-23-2-01-027,4523.23,
2972018,231424,2077-23-3-23-005,3421.21,
2972019,231425,2077-23-3-25-002,2639.1,
2972020,231427,2077-23-4-06-015,4134.69,
2972021,231428,2077-23-4-09-006,1303.87,
2972022,231429,2077-23-4-09-012,4613.54,
2972023,231430,2077-24-1-01-021,41.21,
2972024,231437,2077-24-2-09-001,3807.88,
2972025,231438,2077-24-2-12-014,3449.74,
2972026,231439,2077-24-2-13-010,3493,
2972027,231441,2077-24-2-15-028,3588.94,
2972028,231443,2077-24-3-07-001,5591.9,
2972029,231447,2077-25-1-04-001,4667.03,
2972030,231448,2077-25-1-09-033,1708.46,
2972031,231449,2077-25-1-21-016,2022.12,
2972032,231450,2077-25-2-02-008,3269.81,
2972033,231451,2077-25-3-01-046,146.25,
2972034,231452,2077-25-3-06-009,3100.09,
2972035,231453,2077-25-3-07-013,3048.4,
2972036,231454,2077-25-3-07-080,3081.92,
2972037,231455,2077-25-3-07-124,3068.93,
2972038,231456,2077-25-4-02-010,4133.64,
2972039,231457,2077-25-4-03-069,4685.52,
2972040,231458,2077-25-4-06-066,4511.67,
2972041,231459,2077-25-4-08-001,4691.3,
2972042,231460,2077-26-1-12-003,41.13,
2972043,231461,2077-26-2-10-010,3205.02,
2972044,231462,2077-26-2-12-024,4165.92,
2972045,231463,2077-26-2-15-004,2837.59,
2972046,231465,2077-26-3-04-003,4557.58,
2972047,231466,2077-26-4-02-007,3533.94,
2972048,231467,2077-26-4-06-001,3214.93,
2972049,231468,2077-26-4-25-032,2102.65,
2972050,231469,2077-26-4-27-058,524.11,
2972051,231470,2077-27-1-22-021,1322.99,
2972052,231471,2077-27-1-22-061,1216.67,
2972053,231473,2077-27-1-22-107,631.45,
2972054,231474,2077-27-1-22-177,46.86,
2972055,231475,2077-27-1-22-214,1409.1,
2972056,231476,2077-27-1-22-291,65.71,
2972057,231477,2077-27-3-01-042,2131.22,
2972058,231478,2077-27-3-01-044,3113.81,
2972059,231479,2077-27-4-12-001,1706.02,
2972060,231481,2077-28-1-16-002,5280.54,
2972061,231482,2077-28-1-19-031,2532.6,
2972062,231484,2077-28-2-11-052,4206.02,
2972063,231485,2077-28-4-11-016,3889.97,
2972064,231486,2077-29-1-03-019,4364.94,
2972065,231487,2077-29-1-16-029,39.76,
2972066,231488,2077-30-1-02-004,4220.54,
2972067,231490,2077-32-1-05-010,2679.44,
2972068,231495,2077-33-2-12-019,4343.71,
2972069,231496,2077-34-1-04-002,3596.67,
2972070,231499,2077-35-1-03-012,1037.71,
2972071,231503,2077-35-2-21-035,116.25,
2972072,231504,2077-35-3-16-002,3657.07,
2972073,231505,2077-36-1-08-026,5443.11,
2972074,231506,2077-36-2-02-007,4567.53,
2972075,231507,2077-36-2-02-025,4918.9,
2972076,231508,2077-36-2-09-002,4480.91,
2972077,231509,2077-36-2-19-020,1484.44,
2972078,231511,2077-36-3-05-020,5071.26,
2972079,231512,2077-36-3-13-017,6117.9,
2972080,231513,2077-36-4-13-009,5739.67,
2972081,231515,2061-13-1-12-002,2411.48,
2972082,231516,1973-12-2-15-159,2055.17,
2972083,231517,1973-35-2-19-025,1923.5,
2972084,231518,1975-19-3-14-044,1955.06,
2972085,231519,1975-17-1-08-005,1507.74,
2972086,231521,1975-17-1-10-010,2662.86,
2972087,231526,2073-03-4-31-033,1273.62,
2972088,231527,2073-03-4-32-027,1856.38,
2972089,231533,2077-24-3-17-004,46339.02,
2972090,231535,1975-07-3-09-023,1854.13,
2972091,231536,2077-27-3-15-003,23456.74,
2972092,231538,2073-06-4-13-318,92.09,
2972093,231540,1975-07-3-08-043,939.51,
2972094,231542,1975-07-3-08-050,973.02,
2972095,231543,1973-18-4-03-007,1806.16,
2972096,231544,1975-19-1-22-016,1209.06,
2972097,231545,1973-18-4-03-058,1806.16,
2972098,231546,1973-18-4-03-093,788.94,
2972099,231547,2073-04-3-39-011,816.81,
2972100,231548,1973-18-4-03-158,2055.82,
2972101,231549,1975-16-4-23-020,1212.73,
2972102,231550,1975-17-2-15-011,732.65,
2972103,231551,1975-17-2-15-026,1356.92,
2972104,231554,1975-21-3-15-020,1185.12,
2972105,231555,1975-21-3-15-040,1301.57,
2972106,231556,1975-18-4-19-002,495.19,
2972107,231557,1983-00-0-00-293,132.66,
2972108,231558,2073-17-3-01-010,2202.15,
2972109,231559,2075-22-2-14-022,5174.54,
2972110,231561,2073-09-3-32-019,1669.46,
2972111,231563,2073-09-4-13-019,1906.99,
2972112,231564,1973-18-4-04-019,1806.16,
2972113,231565,1973-18-4-04-045,1670.94,
2972114,231569,1975-18-4-21-076,1102.2,
2972115,231570,1975-17-1-12-019,985.71,
2972116,231573,2077-32-1-09-162,2421.98,
2972117,231574,1975-16-3-19-020,1556.32,
2972118,231575,1975-16-3-19-082,1625.72,
2972119,231577,1971-35-4-19-039,1976.97,
2972120,231578,1975-16-3-20-013,1003.64,
2972121,231579,1975-16-3-20-107,1280.74,
2972122,231580,1975-16-3-20-124,929.06,
2972123,231581,1975-16-3-20-128,935,
2972124,231582,1973-35-2-21-001,7027.93,
2972125,231583,1973-21-4-00-021,37.25,
2972126,231584,1973-26-3-23-026,35.23,
2972127,231585,2073-07-2-28-001,27906.51,
2972128,231586,2073-09-3-00-016,35.23,
2972129,231589,1975-16-4-27-009,1455.42,
2972130,231590,1975-16-4-27-067,612.81,
2972131,231592,2075-28-4-29-122,1663.5,
2972132,231593,2075-28-4-29-128,1463.04,
2972133,231595,1975-18-4-25-001,990.96,
2972134,231596,1975-18-4-25-014,609.51,
2972135,231597,1975-18-4-25-100,396.42,
2972136,231598,1975-18-4-25-125,1125.49,
2972137,231601,1975-18-4-25-142,961.86,
2972138,231602,2073-14-4-24-001,1699.63,
2972139,231604,2073-14-4-28-003,2479.88,
2972140,231605,1975-29-4-26-001,26477.02,
2972141,231606,2073-14-4-11-006,2515.42,
2972142,231609,1975-33-1-12-017,2454.51,
2972143,231612,1975-33-2-28-007,2470.22,
2972144,231613,1975-33-2-28-021,2481.39,
2972145,231616,2073-09-3-37-068,648.83,
2972146,231617,2073-09-3-37-090,688.86,
2972147,231618,2073-10-2-11-008,1243.44,
2972148,231619,2073-06-3-32-001,35.31,
2972149,231620,1985-16-2-00-118,1613.86,
2972150,231621,1973-21-2-11-128,1319.43,
2972151,231622,1973-21-2-11-185,1080.07,
2972152,231624,1975-31-2-22-117,1873.39,
2972153,231625,2077-08-4-09-069,1573.43,
2972154,231627,2073-09-2-15-150,473.83,
2972155,231628,1975-16-4-26-049,1378.62,
2972156,231629,1975-16-4-26-065,1504.01,
2972157,231630,1975-16-4-26-069,775.97,
2972158,231631,1975-07-3-13-001,1536.89,
2972159,231632,1975-07-3-13-036,964.87,
2972160,231633,1975-07-3-13-039,495.56,
2972161,231634,1975-05-2-14-004,1426.11,
2972162,231635,1975-05-2-14-005,1426.11,
2972163,231636,1975-05-2-14-006,509.32,
2972164,231637,2073-06-2-11-015,1180.76,
2972165,231639,1975-18-4-27-001,39.58,
2972166,231640,2077-19-1-00-040,40.87,
2972167,231641,1975-31-2-23-040,1206.59,
2972168,231642,1975-31-2-23-058,1509.32,
2972169,231644,1975-34-1-41-011,1824.06,
2972170,231646,2077-36-2-35-007,3030.33,
2972171,231648,1975-18-4-25-173,1303,
2972172,231650,1975-20-2-39-020,1904.97,
2972173,231651,1975-20-2-40-032,2010.25,
2972174,231652,1975-20-2-40-037,1686.98,
2972175,231654,1975-21-1-14-004,1272.47,
2972176,231655,2077-36-3-20-009,2285.62,
2972177,231656,1975-17-2-19-031,1743.71,
2972178,231657,2077-36-3-20-246,2649.54,
2972179,231658,2077-36-3-20-275,77.24,
2972180,231659,2073-16-1-42-001,41.17,
2972181,231660,2073-15-1-14-045,38.86,
2972182,231662,2075-32-2-16-025,4726.18,
2972183,231663,2073-17-1-08-015,1361.1,
2972184,231664,2075-25-4-09-001,16600.52,
2972185,231667,2077-15-2-04-052,564.77,
2972186,231668,2077-30-1-00-027,51.39,
2972187,231669,2073-16-3-18-036,39.25,
2972188,231671,2073-08-1-27-001,741.46,
2972189,231672,1973-21-1-02-017,1518.22,
2972190,231673,1975-34-1-51-003,1343.12,
2972191,231675,1975-34-1-52-012,1963.04,
2972192,231679,1975-28-1-14-002,2760,
2972193,231682,1975-28-1-16-027,2106.52,
2972194,231683,1975-28-1-17-019,3131.85,
2972195,231684,2073-04-1-33-011,2427.88,
2972196,231685,2073-04-1-33-054,1639.02,
2972197,231686,1973-14-4-28-057,1242.35,
2972198,231687,1973-14-4-29-024,1364.65,
2972199,231688,2073-04-1-02-017,2254.99,
2972200,231690,2073-06-3-35-001,35.31,
2972201,231691,2073-06-3-36-001,35.31,
2972202,231692,2073-06-3-37-001,35.31,
2972203,231693,1973-14-3-26-005,821.18,
2972204,231695,1973-14-3-26-044,939.1,
2972205,231697,1973-25-2-12-004,35.23,
2972206,231701,1975-17-3-24-032,2075.26,
2972207,231703,1973-26-1-40-067,722.73,
2972208,231705,2073-04-3-41-001,1049.54,
2972209,231706,1973-13-3-24-037,1504.01,
2972210,231707,2073-09-4-26-001,2538.85,
2972211,231708,2073-06-3-38-007,1197.06,
2972212,231709,2073-10-2-11-050,662.41,
2972213,231710,2073-06-2-12-072,1241.04,
2972214,231711,1975-20-4-29-017,1645.08,
2972215,231712,1973-28-3-24-030,1278.87,
2972216,231713,1973-28-3-24-032,629.55,
2972217,231714,2077-15-2-07-015,5587.25,
2972218,231715,1973-28-3-24-058,1164.48,
2972219,231717,1973-28-3-24-085,1349.35,
2972220,231718,1975-29-1-18-067,1107.45,
2972221,231719,1975-29-1-18-072,562.14,
2972222,231720,1975-29-1-18-078,1117.24,
2972223,231722,1975-29-1-18-103,1293.42,
2972224,231723,2073-03-1-28-002,1893.52,
2972225,231726,1975-22-2-23-018,1307.61,
2972226,231728,2077-24-4-15-075,41.21,
2972227,231729,2073-07-2-32-007,890.65,
2972228,231730,1973-27-3-04-009,1192.15,
2972229,231731,1973-27-3-04-015,2618.2,
2972230,231733,1975-28-4-05-008,2222.33,
2972231,231734,2073-09-2-16-021,967.16,
2972232,231736,2077-02-3-05-014,45948.08,
2972233,231738,2075-31-4-07-007,8165.13,
2972234,231739,2073-06-3-39-016,1148.77,
2972235,231740,2073-06-3-39-039,625.5,
2972236,231741,2075-19-2-01-008,41.21,
2972237,231743,2075-34-3-12-004,317997.04,
2972238,231744,1975-30-2-29-001,18820.55,
2972239,231745,1975-20-2-42-004,544.8,
2972240,231746,1975-20-2-42-017,1268.83,
2972241,231748,1973-21-2-12-025,1391.67,
2972242,231749,2077-04-1-17-015,13055.73,
2972243,231750,1975-31-2-24-060,1115.49,
2972244,231751,2075-29-1-39-016,2656.71,
2972245,231752,2077-04-1-17-026,9552.58,
2972246,231753,2075-16-4-05-800,24.48,
2972247,231754,2075-25-1-13-800,24.91,
2972248,231757,1975-06-2-10-004,102,
2972249,231759,2073-14-3-14-028,2672.74,
2972250,231763,2073-14-1-04-001,3465.78,
2972251,231765,1973-28-3-24-107,1177.18,
2972252,231766,1973-28-3-24-128,1234.96,
2972253,231767,2073-14-3-24-009,2428.69,
2972254,231768,1971-28-3-00-067,5860.61,
2972255,231769,2077-34-2-12-074,2115.37,
2972256,231770,1973-13-3-26-009,608.76,
2972257,231773,1973-11-3-27-012,1574.16,
2972258,231774,1973-11-3-27-026,1588.34,
2972259,231775,2073-04-3-45-001,1357.04,
2972260,231777,2075-23-1-12-013,5134.09,
2972261,231778,2075-23-1-15-004,6298.67,
2972262,231779,2075-19-2-19-001,2208.2,
2972263,231780,2075-32-1-26-005,1249.66,
2972264,231781,2075-32-1-26-054,2484.93,
2972265,231783,1975-21-3-17-014,1030.79,
2972266,231784,1975-28-2-18-004,1489.06,
2972267,231785,2077-16-1-25-002,1542.37,
2972268,231789,1975-31-2-25-111,1622.95,
2972269,231791,1973-27-1-23-001,9572.43,
2972270,231792,1973-27-1-23-002,10869.14,
2972271,231803,1973-25-2-22-005,1602.2,
2972272,231805,1975-06-3-11-001,2385.65,
2972273,231808,1973-36-1-51-002,1269.27,
2972274,231810,1975-16-4-33-009,848.21,
2972275,231811,1975-16-4-33-045,1619.72,
2972276,231812,2073-15-3-06-040,3563.49,
2972277,231813,1975-04-2-04-011,2612.15,
2972278,231814,2073-07-3-12-010,35.31,
2972279,231816,2077-17-1-11-013,1413.6,
2972280,231817,2075-08-3-06-012,19216.35,
2972281,231819,1975-34-2-24-014,1090.36,
2972282,231822,2075-27-1-07-003,15418.4,
2972283,231823,2077-16-3-04-020,24061.61,
2972284,231824,2073-27-2-08-021,6797.4,
2972285,231825,2073-27-2-08-022,39.26,
2972286,231828,2073-15-2-06-030,2921.92,
2972287,231831,1973-27-2-21-004,7695.35,
2972288,231834,2073-10-3-21-029,2182.27,
2972289,231836,1975-16-4-34-057,1834.8,
2972290,231837,1975-16-4-34-059,920.94,
2972291,231838,1971-34-1-08-029,2302.73,
2972292,231840,2057-00-0-00-850,24.96,
2972293,231841,2059-00-0-00-863,24.96,
2972294,231843,2073-14-2-15-033,2747.54,
2972295,231844,2073-14-2-16-014,2627.9,
2972296,231845,2073-14-2-18-018,2924.16,
2972297,231848,1975-04-2-11-001,43.08,
2972298,231849,1973-28-3-05-019,27.1,
2972299,231851,1973-21-2-17-065,1146.77,
2972300,231852,1973-21-2-17-082,951.9,
2972301,231853,1985-00-0-00-235,31.64,
2972302,231854,1973-21-1-00-044,14171.9,
2972303,231855,1973-21-1-00-045,6633.96,
2972304,231856,2075-24-3-04-015,24276.61,
2972305,231857,1985-16-4-02-005,2067.08,
2972306,231860,1973-13-3-08-032,873.63,
2972307,231862,2075-19-4-19-005,3688.39,
2972308,231864,2077-19-4-14-006,14649.11,
2972309,231865,1971-34-1-09-033,35.3,
2972310,231866,2077-34-2-16-013,3280.99,
2972311,231867,2077-16-2-01-012,14125.62,
2972312,231869,1975-05-1-17-038,39.58,
2972313,231873,2075-31-4-21-010,10523.23,
2972314,231874,2073-08-1-30-002,77.44,
2972315,231875,2075-29-2-35-003,10148.15,
2972316,231876,1975-28-4-12-035,38.07,
2972317,231877,1975-28-4-34-004,3585.14,
2972318,231882,2073-34-1-00-004,54.48,
2972319,231883,2073-35-2-00-002,51.49,
2972320,231884,2077-03-2-30-025,994.4,
2972321,231885,1971-28-3-01-019,6864.07,
2972322,231886,1975-21-3-24-012,3219.2,
2972323,231887,2073-06-3-45-004,2431.53,
2972324,231888,2073-06-3-51-004,1742.62,
2972325,231890,2073-10-1-04-010,3359.83,
2972326,231892,2077-32-1-14-043,2609.24,
2972327,231893,2073-17-3-19-004,2653.02,
2972328,231894,2073-17-3-20-003,3498.09,
2972329,231895,2073-15-2-12-015,38.86,
2972330,231901,2073-02-3-19-019,1611,
2972331,231903,1973-25-2-27-014,1454.56,
2972332,231904,2077-27-2-29-004,4060.25,
2972333,231906,2077-32-1-17-016,1718.12,
2972334,231908,2077-10-2-22-027,1115.97,
2972335,231910,1989-00-0-00-126,1375.3,
2972336,231911,1973-03-2-01-023,13034.34,
2972337,231912,1973-26-2-38-001,2940.59,
2972338,231913,2075-19-2-30-001,150.36,
2972339,231915,1973-21-1-15-007,183.46,
2972340,231916,2075-14-4-30-003,8055.79,
2972341,231922,2073-28-4-11-013,37.32,
2972342,231923,2073-28-4-11-014,37.32,
2972343,231925,2077-33-3-09-015,5299.16,
2972344,231927,1985-00-0-00-261,124.53,
2972345,231928,1973-03-1-34-022,1038.02,
2972346,231929,2075-31-3-03-066,6574.74,
2972347,231931,2075-24-1-03-020,3345.68,
2972348,231932,2075-24-1-04-003,6317.09,
2972349,231935,1971-33-4-00-086,14191.46,
2972350,231936,1973-01-2-27-015,799.05,
2972351,231938,2073-16-3-31-003,3512.51,
2972352,231940,2077-36-2-00-019,12534.17,
2972353,231941,2073-17-2-33-003,3608.99,
2972354,231942,2073-17-2-33-005,1462.05,
2972355,231944,1975-27-4-08-007,2693.57,
2972356,231954,1975-34-2-31-008,2233.97,
2972357,231955,2077-35-1-01-023,2100.25,
2972358,231957,2073-01-3-01-002,36.13,
2972359,231959,2073-01-3-04-034,2418.24,
2972360,231960,2073-01-3-05-001,36.13,
2972361,231963,1971-28-3-05-164,2058.11,
2972362,231965,2077-32-1-21-005,6744.19,
2972363,231966,2075-22-3-51-011,1704.86,
2972364,231968,2077-34-2-19-008,3016.83,
2972365,231970,1985-08-4-00-021,593.02,
2972366,231972,2073-24-2-01-036,45.13,
2972367,231973,2075-22-3-53-003,3277.44,
2972368,231974,1973-28-3-23-006,37.25,
2972369,231975,1973-28-3-36-034,1495.13,
2972370,231977,1971-33-4-00-096,34.42,
2972371,231979,2073-14-1-13-005,2725.4,
2972372,231980,2073-19-3-13-026,36.75,
2972373,231981,2073-19-4-18-004,36.75,
2972374,231983,2073-14-2-29-012,1370.54,
2972375,231985,2077-30-3-16-020,8439.81,
2972376,231986,2073-26-4-08-012,7550.67,
2972377,231987,2073-01-3-13-006,2333.32,
2972378,231988,1987-00-0-00-899,32.05,
2972379,231990,2075-30-3-17-056,41.13,
2972380,231991,1973-22-2-10-059,2473.79,
2972381,231992,1973-22-2-11-111,2428.93,
2972382,231993,1973-22-2-11-156,2362.1,
2972383,231994,2067-00-0-00-205,234.14,
2972384,231999,2075-36-2-00-987,476.35,
2972385,232001,2073-19-1-09-014,4243.08,
2972386,232002,2073-19-1-10-018,4442.26,
2972387,232004,1973-12-2-17-013,1095.12,
2972388,232005,1973-12-2-17-111,2098.48,
2972389,232007,1975-27-1-12-011,3066.07,
2972390,232008,1975-27-1-13-014,157.95,
2972391,232010,1975-21-3-31-005,2119.32,
2972392,232012,2073-28-2-09-005,37.32,
2972393,232013,1975-04-2-15-001,57541.38,
2972394,232014,2073-03-3-37-009,35.23,
2972395,232015,1975-22-2-27-003,990.07,
2972396,232016,1975-22-2-28-002,997.84,
2972397,232018,2073-15-4-24-012,2971.71,
2972398,232019,2073-02-2-03-008,2955.95,
2972399,232022,2075-25-4-19-001,65103.4,
2972400,232023,1973-22-2-20-021,1783.89,
2972401,232024,1973-22-2-20-022,1773.74,
2972402,232025,1973-22-2-20-040,1896.39,
2972403,232026,1975-27-1-17-002,3355.84,
2972404,232027,2073-24-3-22-006,7373.37,
2972405,232028,2073-07-2-53-001,1004.77,
2972406,232029,1973-25-3-36-064,2017.97,
2972407,232030,2073-21-1-03-012,3894.07,
2972408,232033,1973-28-4-10-005,2813.96,
2972409,232034,2075-30-1-25-002,2991.29,
2972410,232035,2075-30-3-20-001,1511.12,
2972411,232036,1975-33-1-21-033,3022.87,
2972412,232037,1975-33-1-26-031,3006.35,
2972413,232038,2073-19-2-05-004,37.33,
2972414,232040,1975-05-2-19-001,2131.23,
2972415,232042,2073-16-4-26-012,4096.45,
2972416,232043,1975-16-3-23-011,3096.8,
2972417,232044,1975-27-4-18-001,39.58,
2972418,232045,2073-13-1-01-039,1671.3,
2972419,232049,2073-13-3-24-015,1904.67,
2972420,232052,2073-13-4-11-077,1754.23,
2972421,232053,2075-30-3-21-003,2892.59,
2972422,232054,1975-05-3-36-011,857.33,
2972423,232055,2073-26-1-17-004,7751.84,
2972424,232057,2073-13-1-25-008,122.03,
2972425,232058,1973-22-2-22-034,1769.92,
2972426,232059,1973-22-2-25-001,2695.91,
2972427,232060,1983-00-0-00-350,2182.32,
2972428,232061,1981-00-0-00-342,987.02,
2972429,232062,1975-19-3-17-014,2015.51,
2972430,232063,2075-25-1-19-006,8374.91,
2972431,232064,2075-25-1-19-008,8291,
2972432,232065,2075-25-1-19-009,7730.05,
2972433,232067,2073-06-4-24-024,4704.42,
2972434,232069,1975-21-1-40-001,1878.11,
2972435,232070,2073-14-3-30-004,27.91,
2972436,232072,1975-05-3-37-018,39.58,
2972437,232073,1975-05-3-42-001,39.58,
2972438,232074,1975-05-3-42-002,39.58,
2972439,232075,1975-05-3-42-003,39.58,
2972440,232076,2077-17-1-21-026,3647.91,
2972441,232077,2077-17-1-21-044,3683.12,
2972442,232078,2075-06-2-06-015,8036.58,
2972443,232079,1973-13-3-42-001,31.94,
2972444,232080,1973-22-3-18-011,1773.22,
2972445,232081,1975-33-4-17-001,793.12,
2972446,232085,2073-13-2-15-044,1717.84,
2972447,232086,2073-21-1-31-003,4401.23,
2972448,232087,2073-11-3-01-009,1919.27,
2972449,232091,2071-31-2-08-005,1345.14,
2972450,232092,1987-00-0-00-212,75.74,
2972451,232093,2071-31-2-08-035,3268.24,
2972452,232094,2071-31-3-17-037,4366.31,
2972453,232095,2073-36-1-02-006,4666.6,
2972454,232096,1975-08-1-23-002,5889.37,
2972455,232100,2073-13-4-32-005,3839.41,
2972456,232101,2073-24-1-02-006,3368.12,
2972457,232103,2073-24-1-09-010,3369.69,
2972458,232104,2073-24-1-10-021,33.78,
2972459,232105,1975-16-4-36-001,1529.36,
2972460,232106,2073-07-3-33-007,1310.42,
2972461,232107,2077-04-4-03-035,7199.96,
2972462,232109,1975-27-4-29-016,4007.83,
2972463,232111,1975-27-3-20-009,127.97,
2972464,232114,1973-22-1-25-104,1730.92,
2972465,232115,1985-00-0-00-307,1517.67,
2972466,232117,2069-00-0-00-091,70.62,
2972467,232118,1971-28-2-18-003,1605.69,
2972468,232119,1975-34-2-34-001,35.23,
2972469,232120,1975-34-2-34-008,35.23,
2972470,232122,1975-34-2-36-010,1565.52,
2972471,232123,2071-31-3-30-019,97.7,
2972472,232124,2073-11-3-18-036,4494.09,
2972473,232125,2073-24-2-31-006,3942.9,
2972474,232126,2075-25-2-21-001,135932.92,
2972475,232127,2075-28-2-06-028,3778.36,
2972476,232128,2073-29-3-16-002,35567.72,
2972477,232129,1973-26-4-33-001,1904.35,
2972478,232131,1973-22-1-29-059,1378.06,
2972479,232132,2073-32-2-03-084,2359.88,
2972480,232135,2073-32-3-05-003,2607.83,
2972481,232140,2073-13-3-32-023,2994.58,
2972482,232141,1973-14-3-34-001,8289,
2972483,232142,2075-18-3-13-005,36795.16,
2972484,232143,2073-32-1-03-002,11201.8,
2972485,232146,1973-18-2-15-004,7098.17,
2972486,232147,1973-18-2-15-005,14614.47,
2972487,232148,1973-18-2-15-007,6850.62,
2972488,232149,1975-33-4-23-009,1680.97,
2972489,232150,2077-17-1-27-003,2634.71,
2972490,232151,2077-17-1-27-032,2862.89,
2972491,232152,2075-29-2-40-002,6745.75,
2972492,232155,1981-14-1-03-008,2884.88,
2972493,232161,1981-14-2-01-015,2384.99,
2972494,232163,1981-14-4-01-003,2262.11,
2972495,232177,1981-14-4-02-015,2606.39,
2972496,232179,1981-14-4-03-019,3098.26,
2972497,232181,2073-01-3-29-015,2987.17,
2972498,232183,1975-06-2-12-002,10292.23,
2972499,232184,2075-21-1-25-017,1907.68,
2972500,232186,2075-21-1-25-119,1672.38,
2972501,232188,2073-23-2-26-007,1681.34,
2972502,232189,2073-23-2-26-015,3446.12,
2972503,232190,1975-07-4-18-003,11948.44,
2972504,232192,1975-07-4-31-011,2668.13,
2972505,232193,1975-07-4-31-013,39.58,
2972506,232195,1975-07-4-34-010,2594.19,
2972507,232196,2077-36-3-29-138,1771.24,
2972508,232198,2063-00-0-00-239,2344.93,
2972509,232199,1977-07-3-04-017,3840.52,
2972510,232200,2077-20-2-21-007,14904.13,
2972511,232202,1985-00-0-00-337,1087.29,
2972512,232203,1985-00-0-00-338,115.39,
2972513,232204,1979-04-1-00-009,4085.03,
2972514,232205,2075-26-4-03-901,4951.9,
2972515,232206,2075-26-4-03-918,6023.84,
2972516,232207,1987-00-0-99-803,26.59,
2972517,232208,1987-00-0-99-800,26.69,
2972518,232209,1987-00-0-99-801,26.59,
2972519,232210,1987-00-0-99-802,26.77,
2972520,232211,2061-00-0-99-801,24.65,
2972521,232212,2061-00-0-99-807,24.65,
2972522,232213,2061-00-0-99-814,24.65,
2972523,232214,2061-00-0-99-820,35.33,
2972524,232215,2061-00-0-99-824,35.33,
2972525,232216,2061-00-0-99-851,28.09,
2972526,232217,2061-00-0-99-861,25,
2972527,232218,2061-00-0-99-871,26.96,
2972528,232219,1975-22-3-35-002,2017.03,
2972529,232220,1975-22-3-40-003,1061.21,
2972530,232221,2073-20-1-11-003,7632.18,
2972531,232222,2073-20-2-05-005,8853.16,
2972532,232223,2073-20-2-05-014,0,
2972533,232229,1977-19-1-16-006,4429.02,
2972534,232233,1977-19-1-25-003,5091.79,
2972535,232235,1973-23-3-28-005,35.23,
2972536,232236,1973-23-3-28-007,35.23,
2972537,232237,1973-23-3-28-008,35.23,
2972538,232238,1973-23-3-28-014,35.23,
2972539,232239,1973-23-3-28-015,35.23,
2972540,232240,1975-20-4-39-007,1586.93,
2972541,232241,1975-07-2-23-022,2031.21,
2972542,232242,2065-00-0-00-299,1431.93,
2972543,232244,2075-36-1-12-002,40.98,
2972544,232245,1975-33-4-27-007,1857.15,
2972545,232246,1975-33-4-30-011,1821.37,
2972546,232247,1975-33-4-25-011,2547.13,
2972547,232248,1981-00-0-00-399,120.22,
2972548,232249,2075-19-4-29-007,58.49,
2972549,232250,2075-19-4-29-008,66.71,
2972550,232251,2073-20-2-14-014,5386.65,
2972551,232253,1973-22-3-27-010,2468.67,
2972552,232255,1975-07-2-25-002,1844.47,
2972553,232256,1975-07-2-25-020,1811.58,
2972554,232257,1975-07-2-26-021,1980.39,
2972555,232258,2073-36-2-03-114,3075.42,
2972556,232259,2073-36-2-07-038,2659.65,
2972557,232260,1975-27-1-27-009,1634.81,
2972558,232261,1975-27-2-17-002,3494.04,
2972559,232262,1975-33-4-35-011,1821.37,
2972560,232264,1975-35-2-04-004,5394.41,
2972561,232266,1975-35-3-05-021,4792.31,
2972562,232267,1975-35-3-06-018,4843.66,
2972563,232270,1975-35-3-23-004,113.39,
2972564,232272,2073-29-1-01-025,3540.23,
2972565,232273,2075-24-4-16-001,144368.74,
2972566,232275,2073-25-2-26-031,53.27,
2972567,232276,2073-25-2-29-004,41.05,
2972568,232277,2077-16-4-29-006,1346.92,
2972569,232278,2077-16-4-29-007,650.68,
2972570,232279,2077-16-4-29-008,773.44,
2972571,232280,2077-16-4-29-025,2752.74,
2972572,232281,2061-00-0-00-236,87.97,
2972573,232282,2077-09-1-16-015,35.3,
2972574,232283,1975-05-1-01-052,8324.45,
2972575,232284,2075-24-3-23-001,35873.68,
2972576,232285,2073-30-3-13-015,2549.32,
2972577,232286,2073-30-3-15-004,2051.14,
2972578,232287,2073-30-3-17-008,2158.53,
2972579,232288,2073-30-3-19-012,1034.26,
2972580,232289,1985-00-0-00-362,1338.36,
2972581,232290,2075-22-3-55-003,2199.58,
2972582,232291,2075-22-3-55-010,3714.48,
2972583,232292,1973-22-4-34-002,1489.58,
2972584,232293,2075-22-4-33-035,1537.33,
2972585,232294,2075-22-4-33-073,1149.38,
2972586,232296,2075-23-1-28-003,4931.01,
2972587,232297,2073-36-4-15-001,4188.76,
2972588,232298,2073-36-4-18-001,5254.57,
2972589,232302,1975-07-3-31-006,2084.93,
2972590,232303,1975-07-3-32-023,950.15,
2972591,232304,1975-08-1-30-007,7607.08,
2972592,232306,1973-28-4-23-003,6520.88,
2972593,232307,1973-28-4-26-004,5944.14,
2972594,232308,1973-22-1-34-024,1464.24,
2972595,232309,1975-27-2-24-010,1788.51,
2972596,232311,2071-29-4-02-012,5234.14,
2972597,232312,2073-25-1-23-006,2333.22,
2972598,232313,2075-16-4-09-029,1826.29,
2972599,232314,1975-18-4-40-013,1008.15,
2972600,232315,2075-28-4-32-003,468.75,
2972601,232316,2075-28-4-36-011,2014.1,
2972602,232318,2059-18-3-12-010,340.48,
2972603,232320,1979-00-0-00-895,25.28,
2972604,232321,2077-29-3-00-026,38.37,
2972605,232322,1975-27-2-25-018,1877.36,
2972606,232324,1973-21-2-22-006,4739.38,
2972607,232325,1973-21-2-23-004,4213.29,
2972608,232326,1973-21-2-24-003,62.72,
2972609,232327,1973-21-2-24-004,67.85,
2972610,232329,1973-21-2-25-005,2052.3,
2972611,232330,1973-21-2-25-006,7527.16,
2972612,232331,2073-36-3-05-092,5757.67,
2972613,232332,2073-36-3-07-065,3600.77,
2972614,232334,2075-23-1-35-028,1884.05,
2972615,232335,2075-23-1-35-034,39.1,
2972616,232345,2071-18-1-08-025,2829.58,
2972617,232346,1981-00-0-00-473,107.82,
2972618,232348,1985-16-2-01-015,1007.37,
2972619,232353,2075-22-3-57-017,1568.68,
2972620,232354,2075-22-3-57-020,753.2,
2972621,232355,1973-25-4-29-043,35.23,
2972622,232356,1973-11-3-40-002,7941.36,
2972623,232357,1973-25-1-25-001,2205.7,
2972624,232358,1975-21-2-45-010,2432.92,
2972625,232359,2073-29-1-01-029,1931.14,
2972626,232360,2067-00-0-00-268,119.92,
2972627,232362,1975-08-1-34-051,7154.2,
2972628,232363,1979-00-0-00-485,2642.37,
2972629,232364,2075-24-4-18-013,2256.55,
2972630,232365,2075-24-4-18-014,4722.49,
2972631,232368,1977-07-2-08-024,4576.38,
2972632,232369,1977-07-1-07-010,4633.44,
2972633,232370,1977-07-1-07-017,4633.44,
2972634,232371,1977-07-1-10-010,47.05,
2972635,232372,2075-24-3-26-001,36476.14,
2972636,232373,2077-09-1-32-008,35.3,
2972637,232374,2073-18-1-13-001,19485.76,
2972638,232375,2073-01-2-25-001,1176.82,
2972639,232377,1975-22-3-44-008,1562.23,
2972640,232379,1975-18-1-22-004,1997.6,
2972641,232380,2071-18-3-23-028,2848.71,
2972642,232381,2071-30-1-18-011,4706,
2972643,232383,2071-07-3-09-011,4829.35,
2972644,232385,1975-06-2-01-023,3530.85,
2972645,232386,1975-17-1-18-044,2421.76,
2972646,232387,1975-17-1-18-078,2414.24,
2972647,232389,2075-36-1-00-960,13420.82,
2972648,232390,2073-25-1-59-071,1365.33,
2972649,232391,1975-07-2-29-001,4357.62,
2972650,232393,1975-33-4-47-003,2461.32,
2972651,232395,2075-24-3-28-014,4736.08,
2972652,232396,2065-00-0-00-377,159.08,
2972653,232397,1975-18-4-42-004,924.44,
2972654,232398,1971-34-2-11-026,30919.67,
2972655,232399,2075-15-1-37-024,73.15,
2972656,232400,2075-03-2-15-001,5157.9,
2972657,232401,2075-03-2-15-017,2747.91,
2972658,232403,2073-36-1-00-027,36.21,
2972659,232407,2071-20-4-04-018,5723.23,
2972660,232412,2063-00-0-00-334,516.06,
2972661,232415,2073-11-4-09-016,2400.18,
2972662,232416,2071-28-2-07-006,6652.77,
2972663,232417,2075-22-3-58-008,1652.03,
2972664,232418,2071-31-2-22-015,2912.88,
2972665,232419,2071-29-2-09-057,5114.88,
2972666,232421,1977-08-1-02-006,4550.3,
2972667,232424,2075-25-3-10-007,32642.15,
2972668,232425,1975-18-1-25-003,2065.58,
2972669,232426,2073-35-1-05-004,48.15,
2972670,232427,2073-35-1-05-005,35.31,
2972671,232428,2073-25-1-61-004,1957.49,
2972672,232429,1973-22-3-33-001,853.69,
2972673,232435,2071-20-3-24-010,5953.41,
2972674,232436,2073-04-1-37-018,732.9,
2972675,232437,2075-34-3-26-040,2975.76,
2972676,232438,1981-00-0-00-509,3240.81,
2972677,232439,2075-16-1-11-012,5096.52,
2972678,232440,2075-16-1-11-020,8398.3,
2972679,232441,2075-24-4-35-008,2973.63,
2972680,232442,1975-25-2-01-002,125844.86,
2972681,232447,2073-31-3-06-005,71291.27,
2972682,232448,2073-32-2-27-008,377.97,
2972683,232449,2077-26-1-29-008,2214.92,
2972684,232450,1977-08-2-48-001,44.62,
2972685,232451,1977-08-2-50-001,44.62,
2972686,232452,2075-22-3-21-009,18520.22,
2972687,232454,2073-27-1-02-001,10660.28,
2972688,232456,2073-27-1-02-031,10251.22,
2972689,232458,2071-20-4-23-075,3843.23,
2972690,232459,2075-34-2-32-051,3023.09,
2972691,232460,2075-16-2-13-017,3520.65,
2972692,232461,2073-11-4-10-041,6625.38,
2972693,232463,2073-11-4-23-043,1956.22,
2972694,232467,2073-12-3-08-030,4231.37,
2972695,232469,2073-12-3-13-014,4383.86,
2972696,232470,1971-28-2-06-037,783.83,
2972697,232471,2073-16-3-27-003,39.25,
2972698,232472,2073-12-2-00-801,113.24,
2972699,232476,2075-34-1-19-009,5421.96,
2972700,232477,2075-34-1-23-007,4220.57,
2972701,232478,1975-11-2-00-014,91.36,
2972702,232479,2075-34-2-35-036,1332.08,
2972703,232481,2063-00-0-00-353,55.84,
2972704,232482,2063-00-0-00-354,24.86,
2972705,232483,2073-30-4-18-041,1538,
2972706,232484,2073-30-4-18-042,1538,
2972707,232485,2073-30-4-18-043,1538,
2972708,232486,2073-30-4-18-044,1538,
2972709,232487,2073-30-4-18-045,1538,
2972710,232488,2073-30-4-18-046,1538,
2972711,232489,2073-30-4-18-047,1538,
2972712,232490,2073-30-4-18-048,2295.04,
2972713,232491,2075-36-1-20-016,2439.21,
2972714,232492,2075-36-1-20-018,2439.21,
2972715,232493,2071-19-1-10-002,22895.34,
2972716,232494,1971-28-2-06-041,6081.07,
2972717,232495,2061-00-0-00-255,1273.35,
2972718,232498,2075-36-2-10-906,479.45,
2972719,232499,2073-25-4-37-006,1019.21,
2972720,232500,2073-25-4-35-001,1975.7,
2972721,232501,2075-16-2-17-004,956.98,
2972722,232502,2075-16-2-17-005,38.16,
2972723,232503,2075-16-2-17-006,38.16,
2972724,232504,2075-16-2-18-004,38.16,
2972725,232505,2075-16-2-18-005,38.16,
2972726,232506,2075-16-2-18-006,38.16,
2972727,232507,1971-34-1-06-026,971.93,
2972728,232508,2075-34-1-32-028,3452.76,
2972729,232509,2075-34-1-33-012,1515.65,
2972730,232510,2075-34-1-33-038,1192.26,
2972731,232511,2075-35-2-30-001,45202.96,
2972732,232512,1973-22-3-36-004,2026.33,
2972733,232514,2075-16-2-20-121,120.21,
2972734,232521,2073-31-3-09-017,2844.26,
2972735,232523,2073-29-2-00-027,48.54,
2972736,232524,1977-00-0-21-001,101.75,
2972737,232525,1973-22-3-41-005,2012.36,
2972738,232526,2073-27-1-04-004,11274.35,
2972739,232531,2077-22-1-10-042,1179.24,
2972740,232534,2073-31-3-12-019,2504.92,
2972741,232535,2075-21-1-18-010,37.84,
2972742,232537,2075-20-1-25-015,14406.95,
2972743,232538,1973-22-3-44-004,2050.45,
2972744,232539,2075-35-2-34-001,9830,
2972745,232541,1985-16-2-02-022,1561.4,
2972746,232542,1985-16-2-02-026,196.69,
2972747,232543,1975-05-2-02-022,15073.24,
2972748,232544,1975-05-2-02-023,11045.71,
2972749,232545,1985-00-0-00-435,1476.95,
2972750,232546,1973-23-3-09-022,17569.25,
2972751,232547,2073-20-3-13-001,37898.98,
2972752,232548,2077-23-1-18-004,7757.91,
2972753,232549,2077-23-1-18-019,41.13,
2972754,232551,2075-35-2-35-002,35870.17,
2972755,232552,2069-00-0-00-814,32.27,
2972756,232553,2069-00-0-00-815,48.19,
2972757,232555,2075-27-1-15-014,37.78,
2972758,232558,1975-11-2-00-800,27.87,
2972759,232560,1983-04-1-01-008,2914.47,
2972760,232561,1983-04-1-01-009,1206.47,
2972761,232562,1973-22-3-50-008,1534.5,
2972762,232564,2059-18-2-04-014,359.52,
2972763,232566,1975-07-2-01-043,175878.88,
2972764,232568,2067-00-0-00-313,151.86,
2972765,232570,2075-29-2-41-044,2123.85,
2972766,232571,2075-29-2-41-045,3220.29,
2972767,232573,1973-18-3-15-002,599.7,
2972768,232577,2071-07-3-31-011,5079.97,
2972769,232578,2071-07-3-32-013,4690.9,
2972770,232581,1975-05-2-30-001,1399.17,
2972771,232582,2065-00-0-00-457,103.99,
2972772,232583,2065-00-0-00-452,127.07,
2972773,232587,2077-27-4-21-006,48.71,
2972774,232589,2071-32-2-09-005,10377.98,
2972775,232590,2071-32-3-04-007,9834.24,
2972776,232591,2071-32-3-12-010,9182.79,
2972777,232592,2071-32-4-09-004,8419.57,
2972778,232593,1973-12-4-13-055,132.79,
2972779,232594,2073-29-2-00-029,40.1,
2972780,232595,2073-30-1-00-021,85.1,
2972781,232596,2077-20-1-17-003,36410.21,
2972782,232597,1973-02-1-05-031,2147.7,
2972783,232598,1973-22-3-02-029,2860.19,
2972784,232600,2073-31-3-21-033,1950.05,
2972785,232602,1981-00-0-00-539,218.05,
2972786,232603,2075-27-1-25-001,22344.55,
2972787,232604,2077-27-4-37-005,2679.32,
2972788,232605,1975-27-1-29-021,39.58,
2972789,232606,2059-00-0-00-872,31.52,
2972790,232607,2059-00-0-00-877,31.46,
2972791,232608,2061-00-0-99-880,34.69,
2972792,232609,2071-21-3-20-015,44.49,
2972793,232610,2071-21-3-20-016,44.49,
2972794,232611,2071-28-2-29-004,44.49,
2972795,232612,2071-28-2-29-005,44.49,
2972796,232613,2071-28-2-29-006,44.49,
2972797,232614,2071-28-3-05-017,5252.34,
2972798,232616,2071-28-3-06-021,56.66,
2972799,232619,2067-00-0-00-328,107.42,
2972800,232620,1973-22-3-02-031,5088.79,
2972801,232621,1975-08-1-38-001,137959.78,
2972802,232624,1981-00-0-00-552,5858.91,
2972803,232625,2077-09-2-05-001,45770.15,
2972804,232626,2071-28-2-31-044,55.38,
2972805,232627,2071-28-2-33-006,4931.18,
2972806,232628,2071-28-2-35-005,44.49,
2972807,232629,2071-28-3-15-016,5058.9,
2972808,232631,1981-00-0-00-559,105.45,
2972809,232632,2073-22-4-03-022,37.33,
2972810,232633,2073-22-4-03-023,41.19,
2972811,232634,1985-00-0-00-469,109.35,
2972812,232635,2069-00-0-00-136,18627.88,
2972813,232637,2073-32-3-14-034,3552.35,
2972814,232638,2071-00-0-00-845,35.18,
2972815,232639,1973-22-1-40-022,6768.16,
2972816,232641,1977-19-3-09-104,149.48,
2972817,232642,2077-13-1-04-006,39.72,
2972818,232643,1973-14-3-25-076,1695.28,
2972819,232644,2067-00-0-00-866,30.31,
2972820,232646,1973-18-2-05-022,12406.28,
2972821,232647,2067-00-0-00-867,25.58,
2972822,232648,2067-00-0-00-870,25.58,
2972823,232650,2065-00-0-00-468,142.44,
2972824,232652,2071-33-4-10-074,43006.2,
2972825,232653,2073-28-1-12-001,15620.84,
2972826,232654,1975-12-1-00-801,26.25,
2972827,232655,2071-33-4-12-012,5741.29,
2972828,232656,2071-33-4-16-020,7668.4,
2972829,232658,1977-08-3-34-009,2038.48,
2972830,232659,2065-00-0-00-476,2066.72,
2972831,232664,2077-30-1-19-026,128.32,
2972832,232669,1973-22-2-37-004,704.3,
2972833,232670,1973-22-2-37-005,704.3,
2972834,232671,1973-22-2-37-006,690.72,
2972835,232672,1973-22-2-37-007,690.85,
2972836,232673,1973-22-2-37-008,690.85,
2972837,232674,1973-22-2-37-009,690.98,
2972838,232676,1973-22-2-37-012,1057.07,
2972839,232677,1973-22-2-37-013,1057.07,
2972840,232678,1973-22-2-37-014,1057.07,
2972841,232679,1973-22-2-37-015,704.3,
2972842,232680,1973-22-2-37-016,690.85,
2972843,232681,1973-22-2-37-017,690.98,
2972844,232682,1973-22-2-37-018,690.98,
2972845,232684,1973-22-2-37-020,704.3,
2972846,232685,1975-17-1-22-014,93.44,
2972847,232686,1975-17-1-22-015,47.29,
2972848,232687,1975-17-1-22-016,47.29,
2972849,232688,1975-17-1-23-006,48.29,
2972850,232689,1975-17-1-23-007,48.88,
2972851,232690,1975-17-1-23-008,47.29,
2972852,232691,1975-17-1-24-023,47.29,
2972853,232692,1975-17-1-24-024,47.29,
2972854,232693,1975-17-1-25-025,47.29,
2972855,232694,1975-17-1-25-026,47.29,
2972856,232695,1975-17-1-26-021,47.29,
2972857,232696,1975-17-1-27-021,47.29,
2972858,232697,1975-17-1-27-022,47.29,
2972859,232698,1975-17-1-27-023,47.29,
2972860,232699,1987-00-0-00-249,98.57,
2972861,232700,1987-00-0-00-250,98.57,
2972862,232701,1975-17-1-28-027,47.29,
2972863,232702,1975-17-1-28-028,47.29,
2972864,232703,1975-17-1-28-029,47.29,
2972865,232704,1975-17-1-29-017,47.29,
2972866,232705,1975-17-1-29-018,47.29,
2972867,232706,1975-17-1-29-019,47.29,
2972868,232707,1975-17-1-29-020,47.29,
2972869,232708,1987-00-0-00-251,2111.95,
2972870,232710,2075-23-4-42-001,39.27,
2972871,232714,1977-04-4-08-019,5152.18,
2972872,232715,1977-04-4-12-009,6231.43,
2972873,232719,1977-18-4-08-004,135.71,
2972874,232720,2071-19-4-32-002,4037.92,
2972875,232721,1971-34-4-38-010,183.53,
2972876,232722,1977-07-2-31-103,3397.49,
2972877,232723,1981-00-0-00-571,105,
2972878,232726,1979-00-0-99-855,25.31,
2972879,232727,1975-06-1-26-002,50.6,
2972880,232732,2071-28-4-05-025,6732.19,
2972881,232745,2071-28-1-16-022,7685.78,
2972882,232746,2071-28-1-17-016,253.62,
2972883,232747,2071-28-1-20-045,211.79,
2972884,232752,1981-11-2-01-001,45.78,
2972885,232759,1975-16-2-15-015,50.41,
2972886,232760,1975-16-2-15-016,50.41,
2972887,232761,1975-16-2-15-017,50.41,
2972888,232762,1975-16-2-15-018,50.41,
2972889,232763,1975-16-2-15-019,50.41,
2972890,232764,1975-16-2-15-020,73.32,
2972891,232765,1975-16-2-16-027,50.41,
2972892,232766,1975-16-2-16-028,50.41,
2972893,232767,1975-16-2-16-029,50.41,
2972894,232768,1975-16-2-17-027,50.41,
2972895,232769,1975-16-2-17-028,50.41,
2972896,232770,1975-16-2-18-025,50.41,
2972897,232771,1975-01-3-01-012,50.64,
2972898,232772,1975-01-3-01-013,50.64,
2972899,232773,1975-01-3-02-036,50.64,
2972900,232774,1975-01-3-02-037,50.64,
2972901,232775,1975-01-3-02-038,50.64,
2972902,232776,1975-01-3-03-018,50.64,
2972903,232777,1975-01-3-03-019,50.64,
2972904,232778,1975-01-3-03-020,50.64,
2972905,232779,1975-01-3-03-021,50.64,
2972906,232780,1975-01-3-04-025,50.64,
2972907,232781,1975-01-3-04-026,50.64,
2972908,232782,1975-01-3-04-027,50.64,
2972909,232783,1975-01-3-04-028,50.64,
2972910,232784,1975-01-3-04-029,50.64,
2972911,232786,1975-01-3-05-033,50.64,
2972912,232787,1975-01-3-05-034,50.64,
2972913,232788,1975-01-3-05-035,50.64,
2972914,232789,1975-01-3-05-037,50.64,
2972915,232790,2073-12-2-32-005,46.92,
2972916,232792,1975-20-2-51-001,38516.36,
2972917,232793,1973-01-2-30-002,71751.54,
2972918,232794,2075-17-2-14-008,7637.18,
2972919,232796,2077-27-4-52-036,2353.3,
2972920,232797,2067-00-0-00-351,151.22,
2972921,232798,2067-00-0-00-352,151.22,
2972922,232848,1975-33-1-24-800,24.95,
2972923,232849,2059-00-0-00-158,36.65,
2972924,232851,2077-27-4-53-001,4785.47,
2972925,232853,2071-28-4-10-007,2793.07,
2972926,232854,2059-18-3-16-003,546,
2972927,232855,2061-13-4-22-013,197.99,
2972928,232856,2075-23-4-43-002,6761.64,
2972929,232857,1973-21-3-01-001,34439.43,
2972930,232858,1973-28-1-03-021,7655,
2972931,232860,2077-29-2-00-800,25.62,
2972932,232861,2077-30-1-00-800,25.62,
2972933,232862,2075-22-2-50-001,2225.49,
2972934,232863,2067-00-0-00-885,26.61,
2972935,232864,1971-34-2-22-038,3045.06,
2972936,232865,1971-34-2-22-039,3045.06,
2972937,232866,1975-22-3-46-067,2948.18,
2972938,232867,1973-10-1-24-001,231841.95,
2972939,232868,2077-02-2-31-005,35.3,
2972940,232869,2077-02-2-32-005,35.3,
2972941,232870,2077-02-2-33-005,35.3,
2972942,232871,2077-02-2-35-006,35.3,
2972943,232872,1975-01-3-06-004,304.87,
2972944,232873,1979-00-0-00-591,68.78,
2972945,232878,2075-36-2-99-908,7769.02,
2972946,232879,2075-36-2-99-913,832.4,
2972947,232880,2075-36-2-99-914,832.4,
2972948,232881,2075-36-2-99-915,832.4,
2972949,232882,2075-36-2-99-917,832.4,
2972950,232883,2075-36-2-99-918,1381.38,
2972951,232884,2077-02-2-37-030,2445.66,
2972952,232885,2077-02-2-38-002,3244.64,
2972953,232886,1973-28-4-00-069,12002.66,
2972954,232887,1977-03-3-01-001,2370.6,
2972955,232888,1977-03-3-01-009,4761.47,
2972956,232889,1977-03-3-07-012,4761.47,
2972957,232890,1975-18-3-30-007,1641.72,
2972958,232891,1975-18-3-30-010,1849.97,
2972959,232894,2073-33-3-00-021,47.88,
2972960,232895,2059-18-3-20-007,720,
2972961,232896,2069-00-0-00-151,75.48,
2972962,232897,1977-07-3-06-002,7710.01,
2972963,232898,1973-01-2-30-003,18652.32,
2972964,232899,1975-04-3-09-020,3345.54,
2972965,232900,1975-20-3-30-011,8443.99,
2972966,232901,1975-20-3-30-012,9913.41,
2972967,232902,1975-20-3-30-013,9913.41,
2972968,232903,1975-20-3-30-014,8443.99,
2972969,232908,1975-20-3-30-019,8443.99,
2972970,232909,1975-20-3-30-020,9913.41,
2972971,232910,1975-20-3-30-021,9913.41,
2972972,232911,1975-20-3-30-022,8443.99,
2972973,232912,1975-20-3-30-023,8443.99,
2972974,232913,1975-20-3-30-024,10191,
2972975,232914,1975-20-3-30-025,10191,
2972976,232915,1975-20-3-30-026,10191,
2972977,232916,1975-20-3-30-027,8443.99,
2972978,232917,1975-20-3-30-028,6326.77,
2972979,232918,1975-20-3-30-029,8251.06,
2972980,232919,1975-20-3-30-030,8251.06,
2972981,232920,1975-20-3-30-031,8251.06,
2972982,232921,1975-20-3-30-032,6326.77,
2972983,232922,2077-25-1-25-002,3560.15,
2972984,232924,1983-00-0-00-513,130.93,
2972985,232925,1983-00-0-00-514,135.89,
2972986,232926,1983-00-0-00-516,115.96,
2972987,232927,1983-00-0-00-520,120.57,
2972988,232928,1983-00-0-00-521,131.93,
2972989,232929,1975-16-2-20-001,9492.98,
2972990,232930,1975-25-3-02-001,125.54,
2972991,232931,1975-25-3-02-002,72.69,
2972992,232932,1973-25-1-25-950,116.61,
2972993,232934,1979-00-0-99-881,27.72,
2972994,232935,2077-00-0-00-802,27.99,
2972995,232936,2077-21-3-16-900,1779.47,
2972996,232937,1977-19-3-11-024,30.13,
2972997,232938,1977-19-3-11-025,30.13,
2972998,232939,1977-30-2-03-014,30.64,
2972999,232940,1977-30-2-03-015,30.64,
2973000,232941,2073-35-1-00-017,150.63,
2973001,232942,1977-30-2-04-008,30.64,
2973002,232943,1977-30-2-05-008,30.64,
2973003,232944,1977-30-2-05-009,30.64,
2973004,232945,2073-35-2-00-008,575.62,
2973005,232946,1977-30-2-06-010,30.64,
2973006,232947,2073-34-3-00-006,646.76,
2973007,232948,2073-34-3-00-007,47.81,
2973008,232949,2073-34-3-00-008,34.03,
2973009,232950,2073-34-4-00-015,222.43,
2973010,232951,2073-34-4-00-016,184.45,
2973011,232952,2073-35-1-00-018,150.13,
2973012,232953,2073-35-3-00-016,140.13,
2973013,232954,2073-35-3-00-015,46.01,
2973014,232955,2059-18-3-12-013,256,
2973015,232956,2059-18-3-12-014,256,
2973016,232957,2059-18-3-12-015,256,
2973017,232959,2071-18-3-31-004,1074.75,
2973018,232960,1983-04-1-10-009,35.73,
2973019,232961,1983-04-1-11-001,36.13,
2973020,232962,1983-04-1-11-002,36.13,
2973021,232964,1983-04-4-03-004,36.01,
2973022,232965,1983-04-4-03-005,36.26,
2973023,232966,1987-00-0-00-267,67.05,
2973024,232967,2073-32-2-37-018,1550.36,
2973025,232969,2075-25-3-15-003,269.77,
2973026,232970,2069-00-0-00-850,28.58,
2973027,232971,2069-00-0-00-851,28.58,
2973028,232972,2073-12-1-12-001,25.37,
2973029,232973,2073-12-1-12-002,25.37,
2973030,232974,2073-12-1-12-003,25.37,
2973031,232975,2073-12-1-12-005,25.37,
2973032,232976,2073-12-1-13-001,25.37,
2973033,232977,2073-12-1-14-001,25.37,
2973034,232978,2073-12-1-15-001,25.37,
2973035,232979,2073-12-1-16-001,25.37,
2973036,232980,2073-12-1-16-002,25.37,
2973037,232981,2073-12-1-17-001,25.37,
2973038,232982,2073-12-1-17-002,25.37,
2973039,232983,2073-12-1-17-003,25.37,
2973040,232984,2073-12-1-17-004,25.37,
2973041,232985,2073-12-1-17-005,25.37,
2973042,232986,2073-12-1-17-006,25.37,
2973043,232987,2073-12-1-18-001,25.37,
2973044,232988,2073-12-1-18-002,25.37,
2973045,232989,2073-12-1-19-001,25.37,
2973046,232990,2073-12-1-19-002,25.37,
2973047,232991,2073-12-1-20-001,25.37,
2973048,232992,2073-12-1-20-002,25.37,
2973049,232993,2073-12-1-20-003,25.37,
2973050,232994,2073-12-1-20-004,25.37,
2973051,232995,2073-12-1-20-005,25.37,
2973052,232996,2073-12-1-20-006,25.37,
2973053,232997,2073-12-1-20-007,25.37,
2973054,232998,2073-12-1-20-008,25.37,
2973055,232999,2073-12-1-20-009,25.37,
2973056,233000,2073-12-1-20-010,25.37,
2973057,233001,2073-12-1-21-001,25.37,
2973058,233002,2073-12-1-21-002,25.37,
2973059,233003,2073-12-1-21-003,25.37,
2973060,233004,2073-12-1-21-004,25.37,
2973061,233005,2073-12-1-21-005,25.37,
2973062,233006,2073-12-1-21-006,25.37,
2973063,233007,2073-12-1-21-007,25.37,
2973064,233008,2073-12-1-21-008,25.37,
2973065,233009,2073-12-1-21-009,25.37,
2973066,233010,2073-12-1-21-010,25.37,
2973067,233011,2073-12-1-21-011,25.37,
2973068,233012,1975-30-3-29-001,39.58,
2973069,233013,2077-17-1-50-001,2601.51,
2973070,233014,2071-18-3-36-005,372.46,
2973071,233015,1975-08-2-41-001,65673.88,
2973072,233016,1975-07-4-40-006,33.06,
2973073,233017,1973-14-4-29-900,1030.71,
